question_id,letter,category,round_idx,answer,model,player_id,temperature,top_k,prompt_id
Q001,A,Animals,0,alpaca,qwen2.5:7b,player2,0.8,40,selfplay_qwen_v2
Q001,A,Animals,1,alpaca,qwen2.5:7b,player2,0.8,40,selfplay_qwen_v2
Q001,A,Animals,2,alpaca,qwen2.5:7b,player2,0.8,40,selfplay_qwen_v2
Q001,A,Animals,3,alpaca,qwen2.5:7b,player2,0.8,40,selfplay_qwen_v2
Q001,A,Animals,4,albatross,qwen2.5:7b,player2,0.8,40,selfplay_qwen_v2
Q001,A,Animals,5,alpaca,qwen2.5:7b,player2,0.8,40,selfplay_qwen_v2
Q001,A,Animals,6,alligator,qwen2.5:7b,player2,0.8,40,selfplay_qwen_v2
Q001,A,Animals,7,alpaca,qwen2.5:7b,player2,0.8,40,selfplay_qwen_v2
Q001,A,Animals,8,panda,qwen2.5:7b,player2,0.8,40,selfplay_qwen_v2
Q001,A,Animals,9,alpaca,qwen2.5:7b,player2,0.8,40,selfplay_qwen_v2
Q001,A,Animals,10,alpaca,qwen2.5:7b,player2,0.8,40,selfplay_qwen_v2
Q001,A,Animals,11,antelope,qwen2.5:7b,player2,0.8,40,selfplay_qwen_v2
Q001,A,Animals,12,alpaca,qwen2.5:7b,player2,0.8,40,selfplay_qwen_v2
Q001,A,Animals,13,antelope,qwen2.5:7b,player2,0.8,40,selfplay_qwen_v2
Q001,A,Animals,14,koala,qwen2.5:7b,player2,0.8,40,selfplay_qwen_v2
Q001,A,Animals,15,panda,qwen2.5:7b,player2,0.8,40,selfplay_qwen_v2
Q001,A,Animals,16,alpaca,qwen2.5:7b,player2,0.8,40,selfplay_qwen_v2
Q001,A,Animals,17,alpaca,qwen2.5:7b,player2,0.8,40,selfplay_qwen_v2
Q001,A,Animals,18,alpaca,qwen2.5:7b,player2,0.8,40,selfplay_qwen_v2
Q001,A,Animals,19,panda,qwen2.5:7b,player2,0.8,40,selfplay_qwen_v2
Q002,A,Jobs,0,accountant,qwen2.5:7b,player2,0.8,40,selfplay_qwen_v2
Q002,A,Jobs,1,accountant,qwen2.5:7b,player2,0.8,40,selfplay_qwen_v2
Q002,A,Jobs,2,accountant,qwen2.5:7b,player2,0.8,40,selfplay_qwen_v2
Q002,A,Jobs,3,accountant,qwen2.5:7b,player2,0.8,40,selfplay_qwen_v2
Q002,A,Jobs,4,accountant,qwen2.5:7b,player2,0.8,40,selfplay_qwen_v2
Q002,A,Jobs,5,accountant,qwen2.5:7b,player2,0.8,40,selfplay_qwen_v2
Q002,A,Jobs,6,accountant,qwen2.5:7b,player2,0.8,40,selfplay_qwen_v2
Q002,A,Jobs,7,accountant,qwen2.5:7b,player2,0.8,40,selfplay_qwen_v2
Q002,A,Jobs,8,accountant,qwen2.5:7b,player2,0.8,40,selfplay_qwen_v2
Q002,A,Jobs,9,accountant,qwen2.5:7b,player2,0.8,40,selfplay_qwen_v2
Q002,A,Jobs,10,accountant,qwen2.5:7b,player2,0.8,40,selfplay_qwen_v2
Q002,A,Jobs,11,accountant,qwen2.5:7b,player2,0.8,40,selfplay_qwen_v2
Q002,A,Jobs,12,accountant,qwen2.5:7b,player2,0.8,40,selfplay_qwen_v2
Q002,A,Jobs,13,autoworker,qwen2.5:7b,player2,0.8,40,selfplay_qwen_v2
Q002,A,Jobs,14,accountant,qwen2.5:7b,player2,0.8,40,selfplay_qwen_v2
Q002,A,Jobs,15,accountant,qwen2.5:7b,player2,0.8,40,selfplay_qwen_v2
Q002,A,Jobs,16,accountant,qwen2.5:7b,player2,0.8,40,selfplay_qwen_v2
Q002,A,Jobs,17,accountant,qwen2.5:7b,player2,0.8,40,selfplay_qwen_v2
Q002,A,Jobs,18,accountant,qwen2.5:7b,player2,0.8,40,selfplay_qwen_v2
Q002,A,Jobs,19,accountant,qwen2.5:7b,player2,0.8,40,selfplay_qwen_v2
Q003,B,Fruits,0,blueberry,qwen2.5:7b,player2,0.8,40,selfplay_qwen_v2
Q003,B,Fruits,1,blueberry,qwen2.5:7b,player2,0.8,40,selfplay_qwen_v2
Q003,B,Fruits,2,blueberry,qwen2.5:7b,player2,0.8,40,selfplay_qwen_v2
Q003,B,Fruits,3,blueberry,qwen2.5:7b,player2,0.8,40,selfplay_qwen_v2
Q003,B,Fruits,4,blueberry,qwen2.5:7b,player2,0.8,40,selfplay_qwen_v2
Q003,B,Fruits,5,blueberry,qwen2.5:7b,player2,0.8,40,selfplay_qwen_v2
Q003,B,Fruits,6,blueberry,qwen2.5:7b,player2,0.8,40,selfplay_qwen_v2
Q003,B,Fruits,7,blueberry,qwen2.5:7b,player2,0.8,40,selfplay_qwen_v2
Q003,B,Fruits,8,blueberry,qwen2.5:7b,player2,0.8,40,selfplay_qwen_v2
Q003,B,Fruits,9,banana,qwen2.5:7b,player2,0.8,40,selfplay_qwen_v2
Q003,B,Fruits,10,banana,qwen2.5:7b,player2,0.8,40,selfplay_qwen_v2
Q003,B,Fruits,11,blueberry,qwen2.5:7b,player2,0.8,40,selfplay_qwen_v2
Q003,B,Fruits,12,blueberry,qwen2.5:7b,player2,0.8,40,selfplay_qwen_v2
Q003,B,Fruits,13,blueberry,qwen2.5:7b,player2,0.8,40,selfplay_qwen_v2
Q003,B,Fruits,14,blueberry,qwen2.5:7b,player2,0.8,40,selfplay_qwen_v2
Q003,B,Fruits,15,blueberry,qwen2.5:7b,player2,0.8,40,selfplay_qwen_v2
Q003,B,Fruits,16,blueberry,qwen2.5:7b,player2,0.8,40,selfplay_qwen_v2
Q003,B,Fruits,17,blueberry,qwen2.5:7b,player2,0.8,40,selfplay_qwen_v2
Q003,B,Fruits,18,blueberry,qwen2.5:7b,player2,0.8,40,selfplay_qwen_v2
Q003,B,Fruits,19,blueberry,qwen2.5:7b,player2,0.8,40,selfplay_qwen_v2
Q004,B,Things that are red,0,stop sign,qwen2.5:7b,player2,0.8,40,selfplay_qwen_v2
Q004,B,Things that are red,1,stop sign,qwen2.5:7b,player2,0.8,40,selfplay_qwen_v2
Q004,B,Things that are red,2,strawberry,qwen2.5:7b,player2,0.8,40,selfplay_qwen_v2
Q004,B,Things that are red,3,stop sign,qwen2.5:7b,player2,0.8,40,selfplay_qwen_v2
Q004,B,Things that are red,4,stop sign,qwen2.5:7b,player2,0.8,40,selfplay_qwen_v2
Q004,B,Things that are red,5,stop sign,qwen2.5:7b,player2,0.8,40,selfplay_qwen_v2
Q004,B,Things that are red,6,stop sign,qwen2.5:7b,player2,0.8,40,selfplay_qwen_v2
Q004,B,Things that are red,7,stop sign,qwen2.5:7b,player2,0.8,40,selfplay_qwen_v2
Q004,B,Things that are red,8,stop sign,qwen2.5:7b,player2,0.8,40,selfplay_qwen_v2
Q004,B,Things that are red,9,stop sign,qwen2.5:7b,player2,0.8,40,selfplay_qwen_v2
Q004,B,Things that are red,10,stop sign,qwen2.5:7b,player2,0.8,40,selfplay_qwen_v2
Q004,B,Things that are red,11,stop sign,qwen2.5:7b,player2,0.8,40,selfplay_qwen_v2
Q004,B,Things that are red,12,stop sign,qwen2.5:7b,player2,0.8,40,selfplay_qwen_v2
Q004,B,Things that are red,13,red light,qwen2.5:7b,player2,0.8,40,selfplay_qwen_v2
Q004,B,Things that are red,14,stop sign,qwen2.5:7b,player2,0.8,40,selfplay_qwen_v2
Q004,B,Things that are red,15,stop sign,qwen2.5:7b,player2,0.8,40,selfplay_qwen_v2
Q004,B,Things that are red,16,stop sign,qwen2.5:7b,player2,0.8,40,selfplay_qwen_v2
Q004,B,Things that are red,17,red light,qwen2.5:7b,player2,0.8,40,selfplay_qwen_v2
Q004,B,Things that are red,18,stop sign,qwen2.5:7b,player2,0.8,40,selfplay_qwen_v2
Q004,B,Things that are red,19,stop sign,qwen2.5:7b,player2,0.8,40,selfplay_qwen_v2
Q005,C,Countries,0,canada,qwen2.5:7b,player2,0.8,40,selfplay_qwen_v2
Q005,C,Countries,1,canada,qwen2.5:7b,player2,0.8,40,selfplay_qwen_v2
Q005,C,Countries,2,canada,qwen2.5:7b,player2,0.8,40,selfplay_qwen_v2
Q005,C,Countries,3,canada,qwen2.5:7b,player2,0.8,40,selfplay_qwen_v2
Q005,C,Countries,4,canada,qwen2.5:7b,player2,0.8,40,selfplay_qwen_v2
Q005,C,Countries,5,canada,qwen2.5:7b,player2,0.8,40,selfplay_qwen_v2
Q005,C,Countries,6,canada,qwen2.5:7b,player2,0.8,40,selfplay_qwen_v2
Q005,C,Countries,7,canada,qwen2.5:7b,player2,0.8,40,selfplay_qwen_v2
Q005,C,Countries,8,canada,qwen2.5:7b,player2,0.8,40,selfplay_qwen_v2
Q005,C,Countries,9,canada,qwen2.5:7b,player2,0.8,40,selfplay_qwen_v2
Q005,C,Countries,10,canada,qwen2.5:7b,player2,0.8,40,selfplay_qwen_v2
Q005,C,Countries,11,canada,qwen2.5:7b,player2,0.8,40,selfplay_qwen_v2
Q005,C,Countries,12,canada,qwen2.5:7b,player2,0.8,40,selfplay_qwen_v2
Q005,C,Countries,13,canada,qwen2.5:7b,player2,0.8,40,selfplay_qwen_v2
Q005,C,Countries,14,canada,qwen2.5:7b,player2,0.8,40,selfplay_qwen_v2
Q005,C,Countries,15,canada,qwen2.5:7b,player2,0.8,40,selfplay_qwen_v2
Q005,C,Countries,16,canada,qwen2.5:7b,player2,0.8,40,selfplay_qwen_v2
Q005,C,Countries,17,canada,qwen2.5:7b,player2,0.8,40,selfplay_qwen_v2
Q005,C,Countries,18,canada,qwen2.5:7b,player2,0.8,40,selfplay_qwen_v2
Q005,C,Countries,19,canada,qwen2.5:7b,player2,0.8,40,selfplay_qwen_v2
Q006,C,Board games,0,checkers,qwen2.5:7b,player2,0.8,40,selfplay_qwen_v2
Q006,C,Board games,1,chess,qwen2.5:7b,player2,0.8,40,selfplay_qwen_v2
Q006,C,Board games,2,chess,qwen2.5:7b,player2,0.8,40,selfplay_qwen_v2
Q006,C,Board games,3,chess,qwen2.5:7b,player2,0.8,40,selfplay_qwen_v2
Q006,C,Board games,4,cluedo,qwen2.5:7b,player2,0.8,40,selfplay_qwen_v2
Q006,C,Board games,5,connect Four,qwen2.5:7b,player2,0.8,40,selfplay_qwen_v2
Q006,C,Board games,6,carcassonne,qwen2.5:7b,player2,0.8,40,selfplay_qwen_v2
Q006,C,Board games,7,connect Four,qwen2.5:7b,player2,0.8,40,selfplay_qwen_v2
Q006,C,Board games,8,checkers,qwen2.5:7b,player2,0.8,40,selfplay_qwen_v2
Q006,C,Board games,9,catan,qwen2.5:7b,player2,0.8,40,selfplay_qwen_v2
Q006,C,Board games,10,chess,qwen2.5:7b,player2,0.8,40,selfplay_qwen_v2
Q006,C,Board games,11,checkers,qwen2.5:7b,player2,0.8,40,selfplay_qwen_v2
Q006,C,Board games,12,chess,qwen2.5:7b,player2,0.8,40,selfplay_qwen_v2
Q006,C,Board games,13,connect Four,qwen2.5:7b,player2,0.8,40,selfplay_qwen_v2
Q006,C,Board games,14,chess,qwen2.5:7b,player2,0.8,40,selfplay_qwen_v2
Q006,C,Board games,15,chess,qwen2.5:7b,player2,0.8,40,selfplay_qwen_v2
Q006,C,Board games,16,checkers,qwen2.5:7b,player2,0.8,40,selfplay_qwen_v2
Q006,C,Board games,17,catan,qwen2.5:7b,player2,0.8,40,selfplay_qwen_v2
Q006,C,Board games,18,connect Four,qwen2.5:7b,player2,0.8,40,selfplay_qwen_v2
Q006,C,Board games,19,chess,qwen2.5:7b,player2,0.8,40,selfplay_qwen_v2
Q007,D,Musical instruments,0,didgeridoo,qwen2.5:7b,player2,0.8,40,selfplay_qwen_v2
Q007,D,Musical instruments,1,didgeridoo,qwen2.5:7b,player2,0.8,40,selfplay_qwen_v2
Q007,D,Musical instruments,2,drum set,qwen2.5:7b,player2,0.8,40,selfplay_qwen_v2
Q007,D,Musical instruments,3,drum set,qwen2.5:7b,player2,0.8,40,selfplay_qwen_v2
Q007,D,Musical instruments,4,drum set,qwen2.5:7b,player2,0.8,40,selfplay_qwen_v2
Q007,D,Musical instruments,5,drum set,qwen2.5:7b,player2,0.8,40,selfplay_qwen_v2
Q007,D,Musical instruments,6,drum set,qwen2.5:7b,player2,0.8,40,selfplay_qwen_v2
Q007,D,Musical instruments,7,drum set,qwen2.5:7b,player2,0.8,40,selfplay_qwen_v2
Q007,D,Musical instruments,8,drum set,qwen2.5:7b,player2,0.8,40,selfplay_qwen_v2
Q007,D,Musical instruments,9,drum,qwen2.5:7b,player2,0.8,40,selfplay_qwen_v2
Q007,D,Musical instruments,10,drum set,qwen2.5:7b,player2,0.8,40,selfplay_qwen_v2
Q007,D,Musical instruments,11,drum set,qwen2.5:7b,player2,0.8,40,selfplay_qwen_v2
Q007,D,Musical instruments,12,didgeridoo,qwen2.5:7b,player2,0.8,40,selfplay_qwen_v2
Q007,D,Musical instruments,13,drum set,qwen2.5:7b,player2,0.8,40,selfplay_qwen_v2
Q007,D,Musical instruments,14,drum set,qwen2.5:7b,player2,0.8,40,selfplay_qwen_v2
Q007,D,Musical instruments,15,drum set,qwen2.5:7b,player2,0.8,40,selfplay_qwen_v2
Q007,D,Musical instruments,16,drum set,qwen2.5:7b,player2,0.8,40,selfplay_qwen_v2
Q007,D,Musical instruments,17,didgeridoo,qwen2.5:7b,player2,0.8,40,selfplay_qwen_v2
Q007,D,Musical instruments,18,drum set,qwen2.5:7b,player2,0.8,40,selfplay_qwen_v2
Q007,D,Musical instruments,19,drum set,qwen2.5:7b,player2,0.8,40,selfplay_qwen_v2
Q008,D,Things in a bathroom,0,soap dispenser,qwen2.5:7b,player2,0.8,40,selfplay_qwen_v2
Q008,D,Things in a bathroom,1,soap dispenser,qwen2.5:7b,player2,0.8,40,selfplay_qwen_v2
Q008,D,Things in a bathroom,2,soap dispenser,qwen2.5:7b,player2,0.8,40,selfplay_qwen_v2
Q008,D,Things in a bathroom,3,soap dispenser,qwen2.5:7b,player2,0.8,40,selfplay_qwen_v2
Q008,D,Things in a bathroom,4,toothbrush,qwen2.5:7b,player2,0.8,40,selfplay_qwen_v2
Q008,D,Things in a bathroom,5,toilet paper,qwen2.5:7b,player2,0.8,40,selfplay_qwen_v2
Q008,D,Things in a bathroom,6,toothbrush,qwen2.5:7b,player2,0.8,40,selfplay_qwen_v2
Q008,D,Things in a bathroom,7,soap dispenser,qwen2.5:7b,player2,0.8,40,selfplay_qwen_v2
Q008,D,Things in a bathroom,8,soap dispenser,qwen2.5:7b,player2,0.8,40,selfplay_qwen_v2
Q008,D,Things in a bathroom,9,soap dispenser,qwen2.5:7b,player2,0.8,40,selfplay_qwen_v2
Q008,D,Things in a bathroom,10,soap dispenser,qwen2.5:7b,player2,0.8,40,selfplay_qwen_v2
Q008,D,Things in a bathroom,11,soap dispenser,qwen2.5:7b,player2,0.8,40,selfplay_qwen_v2
Q008,D,Things in a bathroom,12,soap dispenser,qwen2.5:7b,player2,0.8,40,selfplay_qwen_v2
Q008,D,Things in a bathroom,13,soap dispenser,qwen2.5:7b,player2,0.8,40,selfplay_qwen_v2
Q008,D,Things in a bathroom,14,soap dispenser,qwen2.5:7b,player2,0.8,40,selfplay_qwen_v2
Q008,D,Things in a bathroom,15,soap dispenser,qwen2.5:7b,player2,0.8,40,selfplay_qwen_v2
Q008,D,Things in a bathroom,16,toilet paper,qwen2.5:7b,player2,0.8,40,selfplay_qwen_v2
Q008,D,Things in a bathroom,17,toothbrush,qwen2.5:7b,player2,0.8,40,selfplay_qwen_v2
Q008,D,Things in a bathroom,18,toothbrush,qwen2.5:7b,player2,0.8,40,selfplay_qwen_v2
Q008,D,Things in a bathroom,19,toothpaste,qwen2.5:7b,player2,0.8,40,selfplay_qwen_v2
Q009,E,Sports,0,tennis,qwen2.5:7b,player2,0.8,40,selfplay_qwen_v2
Q009,E,Sports,1,volleyball,qwen2.5:7b,player2,0.8,40,selfplay_qwen_v2
Q009,E,Sports,2,volleyball,qwen2.5:7b,player2,0.8,40,selfplay_qwen_v2
Q009,E,Sports,3,tennis,qwen2.5:7b,player2,0.8,40,selfplay_qwen_v2
Q009,E,Sports,4,volleyball,qwen2.5:7b,player2,0.8,40,selfplay_qwen_v2
Q009,E,Sports,5,table tennis,qwen2.5:7b,player2,0.8,40,selfplay_qwen_v2
Q009,E,Sports,6,tennis,qwen2.5:7b,player2,0.8,40,selfplay_qwen_v2
Q009,E,Sports,7,tennis,qwen2.5:7b,player2,0.8,40,selfplay_qwen_v2
Q009,E,Sports,8,tennis,qwen2.5:7b,player2,0.8,40,selfplay_qwen_v2
Q009,E,Sports,9,tennis,qwen2.5:7b,player2,0.8,40,selfplay_qwen_v2
Q009,E,Sports,10,volleyball,qwen2.5:7b,player2,0.8,40,selfplay_qwen_v2
Q009,E,Sports,11,volleyball,qwen2.5:7b,player2,0.8,40,selfplay_qwen_v2
Q009,E,Sports,12,tennis,qwen2.5:7b,player2,0.8,40,selfplay_qwen_v2
Q009,E,Sports,13,tennis,qwen2.5:7b,player2,0.8,40,selfplay_qwen_v2
Q009,E,Sports,14,tennis,qwen2.5:7b,player2,0.8,40,selfplay_qwen_v2
Q009,E,Sports,15,volleyball,qwen2.5:7b,player2,0.8,40,selfplay_qwen_v2
Q009,E,Sports,16,tennis,qwen2.5:7b,player2,0.8,40,selfplay_qwen_v2
Q009,E,Sports,17,tennis,qwen2.5:7b,player2,0.8,40,selfplay_qwen_v2
Q009,E,Sports,18,tennis,qwen2.5:7b,player2,0.8,40,selfplay_qwen_v2
Q009,E,Sports,19,volleyball,qwen2.5:7b,player2,0.8,40,selfplay_qwen_v2
Q010,E,Movie titles,0,eternal sunshine of the spotless mind,qwen2.5:7b,player2,0.8,40,selfplay_qwen_v2
Q010,E,Movie titles,1,e validationResult,qwen2.5:7b,player2,0.8,40,selfplay_qwen_v2
Q010,E,Movie titles,2,election day,qwen2.5:7b,player2,0.8,40,selfplay_qwen_v2
Q010,E,Movie titles,3,election day,qwen2.5:7b,player2,0.8,40,selfplay_qwen_v2
Q010,E,Movie titles,4,eclipse,qwen2.5:7b,player2,0.8,40,selfplay_qwen_v2
Q010,E,Movie titles,5,election day,qwen2.5:7b,player2,0.8,40,selfplay_qwen_v2
Q010,E,Movie titles,6,eclipse,qwen2.5:7b,player2,0.8,40,selfplay_qwen_v2
Q010,E,Movie titles,7,eclipse,qwen2.5:7b,player2,0.8,40,selfplay_qwen_v2
Q010,E,Movie titles,8,eternal sunshine of the spotless mind,qwen2.5:7b,player2,0.8,40,selfplay_qwen_v2
Q010,E,Movie titles,9,everything everywhere all at once,qwen2.5:7b,player2,0.8,40,selfplay_qwen_v2
Q010,E,Movie titles,10,easter islandheads,qwen2.5:7b,player2,0.8,40,selfplay_qwen_v2
Q010,E,Movie titles,11,eternal sunshine of the spotless mind,qwen2.5:7b,player2,0.8,40,selfplay_qwen_v2
Q010,E,Movie titles,12,easy rider,qwen2.5:7b,player2,0.8,40,selfplay_qwen_v2
Q010,E,Movie titles,13,et tu brutus,qwen2.5:7b,player2,0.8,40,selfplay_qwen_v2
Q010,E,Movie titles,14,eclipse,qwen2.5:7b,player2,0.8,40,selfplay_qwen_v2
Q010,E,Movie titles,15,election day,qwen2.5:7b,player2,0.8,40,selfplay_qwen_v2
Q010,E,Movie titles,16,elevator euthanasia,qwen2.5:7b,player2,0.8,40,selfplay_qwen_v2
Q010,E,Movie titles,17,electric emperor,qwen2.5:7b,player2,0.8,40,selfplay_qwen_v2
Q010,E,Movie titles,18,electric thunderbolt,qwen2.5:7b,player2,0.8,40,selfplay_qwen_v2
Q010,E,Movie titles,19,election day,qwen2.5:7b,player2,0.8,40,selfplay_qwen_v2
Q011,F,Fish,0,flounder,qwen2.5:7b,player2,0.8,40,selfplay_qwen_v2
Q011,F,Fish,1,flounder,qwen2.5:7b,player2,0.8,40,selfplay_qwen_v2
Q011,F,Fish,2,tilapia,qwen2.5:7b,player2,0.8,40,selfplay_qwen_v2
Q011,F,Fish,3,flounder,qwen2.5:7b,player2,0.8,40,selfplay_qwen_v2
Q011,F,Fish,4,flounder,qwen2.5:7b,player2,0.8,40,selfplay_qwen_v2
Q011,F,Fish,5,flounder,qwen2.5:7b,player2,0.8,40,selfplay_qwen_v2
Q011,F,Fish,6,flounder,qwen2.5:7b,player2,0.8,40,selfplay_qwen_v2
Q011,F,Fish,7,flounder,qwen2.5:7b,player2,0.8,40,selfplay_qwen_v2
Q011,F,Fish,8,flounder,qwen2.5:7b,player2,0.8,40,selfplay_qwen_v2
Q011,F,Fish,9,flounder,qwen2.5:7b,player2,0.8,40,selfplay_qwen_v2
Q011,F,Fish,10,flounder,qwen2.5:7b,player2,0.8,40,selfplay_qwen_v2
Q011,F,Fish,11,flounder,qwen2.5:7b,player2,0.8,40,selfplay_qwen_v2
Q011,F,Fish,12,flounder,qwen2.5:7b,player2,0.8,40,selfplay_qwen_v2
Q011,F,Fish,13,flounder,qwen2.5:7b,player2,0.8,40,selfplay_qwen_v2
Q011,F,Fish,14,flounder,qwen2.5:7b,player2,0.8,40,selfplay_qwen_v2
Q011,F,Fish,15,tilapia,qwen2.5:7b,player2,0.8,40,selfplay_qwen_v2
Q011,F,Fish,16,flounder,qwen2.5:7b,player2,0.8,40,selfplay_qwen_v2
Q011,F,Fish,17,flounder,qwen2.5:7b,player2,0.8,40,selfplay_qwen_v2
Q011,F,Fish,18,flounder,qwen2.5:7b,player2,0.8,40,selfplay_qwen_v2
Q011,F,Fish,19,flounder,qwen2.5:7b,player2,0.8,40,selfplay_qwen_v2
Q012,F,Things in a backpack,0,flashlight,qwen2.5:7b,player2,0.8,40,selfplay_qwen_v2
Q012,F,Things in a backpack,1,flashlight,qwen2.5:7b,player2,0.8,40,selfplay_qwen_v2
Q012,F,Things in a backpack,2,flashlight,qwen2.5:7b,player2,0.8,40,selfplay_qwen_v2
Q012,F,Things in a backpack,3,flashlight,qwen2.5:7b,player2,0.8,40,selfplay_qwen_v2
Q012,F,Things in a backpack,4,flashlight,qwen2.5:7b,player2,0.8,40,selfplay_qwen_v2
Q012,F,Things in a backpack,5,flashlight,qwen2.5:7b,player2,0.8,40,selfplay_qwen_v2
Q012,F,Things in a backpack,6,flashlight,qwen2.5:7b,player2,0.8,40,selfplay_qwen_v2
Q012,F,Things in a backpack,7,flashlight,qwen2.5:7b,player2,0.8,40,selfplay_qwen_v2
Q012,F,Things in a backpack,8,flashlight,qwen2.5:7b,player2,0.8,40,selfplay_qwen_v2
Q012,F,Things in a backpack,9,flashlight,qwen2.5:7b,player2,0.8,40,selfplay_qwen_v2
Q012,F,Things in a backpack,10,fanny pack,qwen2.5:7b,player2,0.8,40,selfplay_qwen_v2
Q012,F,Things in a backpack,11,flashlight,qwen2.5:7b,player2,0.8,40,selfplay_qwen_v2
Q012,F,Things in a backpack,12,flashlight,qwen2.5:7b,player2,0.8,40,selfplay_qwen_v2
Q012,F,Things in a backpack,13,flashlight,qwen2.5:7b,player2,0.8,40,selfplay_qwen_v2
Q012,F,Things in a backpack,14,flashlight,qwen2.5:7b,player2,0.8,40,selfplay_qwen_v2
Q012,F,Things in a backpack,15,flashlight,qwen2.5:7b,player2,0.8,40,selfplay_qwen_v2
Q012,F,Things in a backpack,16,flashlight,qwen2.5:7b,player2,0.8,40,selfplay_qwen_v2
Q012,F,Things in a backpack,17,flashlight,qwen2.5:7b,player2,0.8,40,selfplay_qwen_v2
Q012,F,Things in a backpack,18,flashlight,qwen2.5:7b,player2,0.8,40,selfplay_qwen_v2
Q012,F,Things in a backpack,19,flashlight,qwen2.5:7b,player2,0.8,40,selfplay_qwen_v2
Q013,G,U.S. states,0,georgia,qwen2.5:7b,player2,0.8,40,selfplay_qwen_v2
Q013,G,U.S. states,1,georgia,qwen2.5:7b,player2,0.8,40,selfplay_qwen_v2
Q013,G,U.S. states,2,georgia,qwen2.5:7b,player2,0.8,40,selfplay_qwen_v2
Q013,G,U.S. states,3,georgia,qwen2.5:7b,player2,0.8,40,selfplay_qwen_v2
Q013,G,U.S. states,4,nebraska,qwen2.5:7b,player2,0.8,40,selfplay_qwen_v2
Q013,G,U.S. states,5,georgia,qwen2.5:7b,player2,0.8,40,selfplay_qwen_v2
Q013,G,U.S. states,6,georgia,qwen2.5:7b,player2,0.8,40,selfplay_qwen_v2
Q013,G,U.S. states,7,georgia,qwen2.5:7b,player2,0.8,40,selfplay_qwen_v2
Q013,G,U.S. states,8,georgia,qwen2.5:7b,player2,0.8,40,selfplay_qwen_v2
Q013,G,U.S. states,9,georgia,qwen2.5:7b,player2,0.8,40,selfplay_qwen_v2
Q013,G,U.S. states,10,nevada,qwen2.5:7b,player2,0.8,40,selfplay_qwen_v2
Q013,G,U.S. states,11,georgia,qwen2.5:7b,player2,0.8,40,selfplay_qwen_v2
Q013,G,U.S. states,12,georgia,qwen2.5:7b,player2,0.8,40,selfplay_qwen_v2
Q013,G,U.S. states,13,georgia,qwen2.5:7b,player2,0.8,40,selfplay_qwen_v2
Q013,G,U.S. states,14,georgia,qwen2.5:7b,player2,0.8,40,selfplay_qwen_v2
Q013,G,U.S. states,15,georgia,qwen2.5:7b,player2,0.8,40,selfplay_qwen_v2
Q013,G,U.S. states,16,georgia,qwen2.5:7b,player2,0.8,40,selfplay_qwen_v2
Q013,G,U.S. states,17,vermont,qwen2.5:7b,player2,0.8,40,selfplay_qwen_v2
Q013,G,U.S. states,18,georgia,qwen2.5:7b,player2,0.8,40,selfplay_qwen_v2
Q013,G,U.S. states,19,georgia,qwen2.5:7b,player2,0.8,40,selfplay_qwen_v2
Q014,G,Foods,0,gelato,qwen2.5:7b,player2,0.8,40,selfplay_qwen_v2
Q014,G,Foods,1,garlic bread,qwen2.5:7b,player2,0.8,40,selfplay_qwen_v2
Q014,G,Foods,2,guacamole,qwen2.5:7b,player2,0.8,40,selfplay_qwen_v2
Q014,G,Foods,3,grilled cheese,qwen2.5:7b,player2,0.8,40,selfplay_qwen_v2
Q014,G,Foods,4,garlic bread,qwen2.5:7b,player2,0.8,40,selfplay_qwen_v2
Q014,G,Foods,5,grilled cheese,qwen2.5:7b,player2,0.8,40,selfplay_qwen_v2
Q014,G,Foods,6,grapefruit,qwen2.5:7b,player2,0.8,40,selfplay_qwen_v2
Q014,G,Foods,7,guacamole,qwen2.5:7b,player2,0.8,40,selfplay_qwen_v2
Q014,G,Foods,8,garlic bread,qwen2.5:7b,player2,0.8,40,selfplay_qwen_v2
Q014,G,Foods,9,guacamole,qwen2.5:7b,player2,0.8,40,selfplay_qwen_v2
Q014,G,Foods,10,grilled cheese,qwen2.5:7b,player2,0.8,40,selfplay_qwen_v2
Q014,G,Foods,11,grapefruit,qwen2.5:7b,player2,0.8,40,selfplay_qwen_v2
Q014,G,Foods,12,grapefruit,qwen2.5:7b,player2,0.8,40,selfplay_qwen_v2
Q014,G,Foods,13,grapefruit,qwen2.5:7b,player2,0.8,40,selfplay_qwen_v2
Q014,G,Foods,14,garlic bread,qwen2.5:7b,player2,0.8,40,selfplay_qwen_v2
Q014,G,Foods,15,garlic bread,qwen2.5:7b,player2,0.8,40,selfplay_qwen_v2
Q014,G,Foods,16,guacamole,qwen2.5:7b,player2,0.8,40,selfplay_qwen_v2
Q014,G,Foods,17,guacamole,qwen2.5:7b,player2,0.8,40,selfplay_qwen_v2
Q014,G,Foods,18,gelato,qwen2.5:7b,player2,0.8,40,selfplay_qwen_v2
Q014,G,Foods,19,grapefruit,qwen2.5:7b,player2,0.8,40,selfplay_qwen_v2
Q015,H,Famous scientists,0,hertz,qwen2.5:7b,player2,0.8,40,selfplay_qwen_v2
Q015,H,Famous scientists,1,galileo galilei,qwen2.5:7b,player2,0.8,40,selfplay_qwen_v2
Q015,H,Famous scientists,2,hawking,qwen2.5:7b,player2,0.8,40,selfplay_qwen_v2
Q015,H,Famous scientists,3,huygens,qwen2.5:7b,player2,0.8,40,selfplay_qwen_v2
Q015,H,Famous scientists,4,hertz,qwen2.5:7b,player2,0.8,40,selfplay_qwen_v2
Q015,H,Famous scientists,5,hendrik hertzelsius,qwen2.5:7b,player2,0.8,40,selfplay_qwen_v2
Q015,H,Famous scientists,6,huygens,qwen2.5:7b,player2,0.8,40,selfplay_qwen_v2
Q015,H,Famous scientists,7,huygens,qwen2.5:7b,player2,0.8,40,selfplay_qwen_v2
Q015,H,Famous scientists,8,hershey,qwen2.5:7b,player2,0.8,40,selfplay_qwen_v2
Q015,H,Famous scientists,9,huygens,qwen2.5:7b,player2,0.8,40,selfplay_qwen_v2
Q015,H,Famous scientists,10,huygens,qwen2.5:7b,player2,0.8,40,selfplay_qwen_v2
Q015,H,Famous scientists,11,huygens,qwen2.5:7b,player2,0.8,40,selfplay_qwen_v2
Q015,H,Famous scientists,12,hertz,qwen2.5:7b,player2,0.8,40,selfplay_qwen_v2
Q015,H,Famous scientists,13,hooke,qwen2.5:7b,player2,0.8,40,selfplay_qwen_v2
Q015,H,Famous scientists,14,galileo galilei,qwen2.5:7b,player2,0.8,40,selfplay_qwen_v2
Q015,H,Famous scientists,15,galileo galilei,qwen2.5:7b,player2,0.8,40,selfplay_qwen_v2
Q015,H,Famous scientists,16,hertz,qwen2.5:7b,player2,0.8,40,selfplay_qwen_v2
Q015,H,Famous scientists,17,huygens,qwen2.5:7b,player2,0.8,40,selfplay_qwen_v2
Q015,H,Famous scientists,18,hedy lamarr,qwen2.5:7b,player2,0.8,40,selfplay_qwen_v2
Q015,H,Famous scientists,19,galileo galilei,qwen2.5:7b,player2,0.8,40,selfplay_qwen_v2
Q016,H,Things at the beach,0,sandcastle,qwen2.5:7b,player2,0.8,40,selfplay_qwen_v2
Q016,H,Things at the beach,1,sunhat,qwen2.5:7b,player2,0.8,40,selfplay_qwen_v2
Q016,H,Things at the beach,2,sandcastle,qwen2.5:7b,player2,0.8,40,selfplay_qwen_v2
Q016,H,Things at the beach,3,sunhat,qwen2.5:7b,player2,0.8,40,selfplay_qwen_v2
Q016,H,Things at the beach,4,sandcastle,qwen2.5:7b,player2,0.8,40,selfplay_qwen_v2
Q016,H,Things at the beach,5,sandcastle,qwen2.5:7b,player2,0.8,40,selfplay_qwen_v2
Q016,H,Things at the beach,6,sandcastle,qwen2.5:7b,player2,0.8,40,selfplay_qwen_v2
Q016,H,Things at the beach,7,sun hat,qwen2.5:7b,player2,0.8,40,selfplay_qwen_v2
Q016,H,Things at the beach,8,sandcastle,qwen2.5:7b,player2,0.8,40,selfplay_qwen_v2
Q016,H,Things at the beach,9,sandcastle,qwen2.5:7b,player2,0.8,40,selfplay_qwen_v2
Q016,H,Things at the beach,10,sandcastle,qwen2.5:7b,player2,0.8,40,selfplay_qwen_v2
Q016,H,Things at the beach,11,sandcastle,qwen2.5:7b,player2,0.8,40,selfplay_qwen_v2
Q016,H,Things at the beach,12,sandcastle,qwen2.5:7b,player2,0.8,40,selfplay_qwen_v2
Q016,H,Things at the beach,13,sandcastle,qwen2.5:7b,player2,0.8,40,selfplay_qwen_v2
Q016,H,Things at the beach,14,hat,qwen2.5:7b,player2,0.8,40,selfplay_qwen_v2
Q016,H,Things at the beach,15,sunhat,qwen2.5:7b,player2,0.8,40,selfplay_qwen_v2
Q016,H,Things at the beach,16,sunhat,qwen2.5:7b,player2,0.8,40,selfplay_qwen_v2
Q016,H,Things at the beach,17,hat,qwen2.5:7b,player2,0.8,40,selfplay_qwen_v2
Q016,H,Things at the beach,18,sandcastle,qwen2.5:7b,player2,0.8,40,selfplay_qwen_v2
Q016,H,Things at the beach,19,sandcastle,qwen2.5:7b,player2,0.8,40,selfplay_qwen_v2
Q017,I,Cities,0,iran,qwen2.5:7b,player2,0.8,40,selfplay_qwen_v2
Q017,I,Cities,1,inverness,qwen2.5:7b,player2,0.8,40,selfplay_qwen_v2
Q017,I,Cities,2,istanbul,qwen2.5:7b,player2,0.8,40,selfplay_qwen_v2
Q017,I,Cities,3,indianapolis,qwen2.5:7b,player2,0.8,40,selfplay_qwen_v2
Q017,I,Cities,4,indianapolis,qwen2.5:7b,player2,0.8,40,selfplay_qwen_v2
Q017,I,Cities,5,ibiza,qwen2.5:7b,player2,0.8,40,selfplay_qwen_v2
Q017,I,Cities,6,indianapolis,qwen2.5:7b,player2,0.8,40,selfplay_qwen_v2
Q017,I,Cities,7,indianapolis,qwen2.5:7b,player2,0.8,40,selfplay_qwen_v2
Q017,I,Cities,8,istanbul,qwen2.5:7b,player2,0.8,40,selfplay_qwen_v2
Q017,I,Cities,9,indianapolis,qwen2.5:7b,player2,0.8,40,selfplay_qwen_v2
Q017,I,Cities,10,iceland,qwen2.5:7b,player2,0.8,40,selfplay_qwen_v2
Q017,I,Cities,11,iran,qwen2.5:7b,player2,0.8,40,selfplay_qwen_v2
Q017,I,Cities,12,indianapolis,qwen2.5:7b,player2,0.8,40,selfplay_qwen_v2
Q017,I,Cities,13,icloud city,qwen2.5:7b,player2,0.8,40,selfplay_qwen_v2
Q017,I,Cities,14,ikaria,qwen2.5:7b,player2,0.8,40,selfplay_qwen_v2
Q017,I,Cities,15,istanbul,qwen2.5:7b,player2,0.8,40,selfplay_qwen_v2
Q017,I,Cities,16,ikaria,qwen2.5:7b,player2,0.8,40,selfplay_qwen_v2
Q017,I,Cities,17,iceland,qwen2.5:7b,player2,0.8,40,selfplay_qwen_v2
Q017,I,Cities,18,indianapolis,qwen2.5:7b,player2,0.8,40,selfplay_qwen_v2
Q017,I,Cities,19,indianapolis,qwen2.5:7b,player2,0.8,40,selfplay_qwen_v2
Q018,I,Things in a classroom,0,interactboard,qwen2.5:7b,player2,0.8,40,selfplay_qwen_v2
Q018,I,Things in a classroom,1,instruction book,qwen2.5:7b,player2,0.8,40,selfplay_qwen_v2
Q018,I,Things in a classroom,2,instruction book,qwen2.5:7b,player2,0.8,40,selfplay_qwen_v2
Q018,I,Things in a classroom,3,interior decorator,qwen2.5:7b,player2,0.8,40,selfplay_qwen_v2
Q018,I,Things in a classroom,4,chalkboard,qwen2.5:7b,player2,0.8,40,selfplay_qwen_v2
Q018,I,Things in a classroom,5,blackboard,qwen2.5:7b,player2,0.8,40,selfplay_qwen_v2
Q018,I,Things in a classroom,6,interactive whiteboard,qwen2.5:7b,player2,0.8,40,selfplay_qwen_v2
Q018,I,Things in a classroom,7,interactive whiteboard,qwen2.5:7b,player2,0.8,40,selfplay_qwen_v2
Q018,I,Things in a classroom,8,interactagram,qwen2.5:7b,player2,0.8,40,selfplay_qwen_v2
Q018,I,Things in a classroom,9,blackboard,qwen2.5:7b,player2,0.8,40,selfplay_qwen_v2
Q018,I,Things in a classroom,10,interactive whiteboard,qwen2.5:7b,player2,0.8,40,selfplay_qwen_v2
Q018,I,Things in a classroom,11,interactive whiteboard,qwen2.5:7b,player2,0.8,40,selfplay_qwen_v2
Q018,I,Things in a classroom,12,blackboard,qwen2.5:7b,player2,0.8,40,selfplay_qwen_v2
Q018,I,Things in a classroom,13,chalkboard,qwen2.5:7b,player2,0.8,40,selfplay_qwen_v2
Q018,I,Things in a classroom,14,interactive whiteboard,qwen2.5:7b,player2,0.8,40,selfplay_qwen_v2
Q018,I,Things in a classroom,15,interactometer,qwen2.5:7b,player2,0.8,40,selfplay_qwen_v2
Q018,I,Things in a classroom,16,integrated circuit board,qwen2.5:7b,player2,0.8,40,selfplay_qwen_v2
Q018,I,Things in a classroom,17,interactive whiteboard,qwen2.5:7b,player2,0.8,40,selfplay_qwen_v2
Q018,I,Things in a classroom,18,intercom,qwen2.5:7b,player2,0.8,40,selfplay_qwen_v2
Q018,I,Things in a classroom,19,interactometer,qwen2.5:7b,player2,0.8,40,selfplay_qwen_v2
Q019,J,Car brands,0,jaguar,qwen2.5:7b,player2,0.8,40,selfplay_qwen_v2
Q019,J,Car brands,1,jaguar,qwen2.5:7b,player2,0.8,40,selfplay_qwen_v2
Q019,J,Car brands,2,jaguar,qwen2.5:7b,player2,0.8,40,selfplay_qwen_v2
Q019,J,Car brands,3,jaguar,qwen2.5:7b,player2,0.8,40,selfplay_qwen_v2
Q019,J,Car brands,4,jaguar,qwen2.5:7b,player2,0.8,40,selfplay_qwen_v2
Q019,J,Car brands,5,jaguar,qwen2.5:7b,player2,0.8,40,selfplay_qwen_v2
Q019,J,Car brands,6,jaguar,qwen2.5:7b,player2,0.8,40,selfplay_qwen_v2
Q019,J,Car brands,7,jaguar,qwen2.5:7b,player2,0.8,40,selfplay_qwen_v2
Q019,J,Car brands,8,jaguar,qwen2.5:7b,player2,0.8,40,selfplay_qwen_v2
Q019,J,Car brands,9,jaguar,qwen2.5:7b,player2,0.8,40,selfplay_qwen_v2
Q019,J,Car brands,10,jaguar,qwen2.5:7b,player2,0.8,40,selfplay_qwen_v2
Q019,J,Car brands,11,jaguar,qwen2.5:7b,player2,0.8,40,selfplay_qwen_v2
Q019,J,Car brands,12,jaguar,qwen2.5:7b,player2,0.8,40,selfplay_qwen_v2
Q019,J,Car brands,13,jaguar,qwen2.5:7b,player2,0.8,40,selfplay_qwen_v2
Q019,J,Car brands,14,jaguar,qwen2.5:7b,player2,0.8,40,selfplay_qwen_v2
Q019,J,Car brands,15,jaguar,qwen2.5:7b,player2,0.8,40,selfplay_qwen_v2
Q019,J,Car brands,16,jaguar,qwen2.5:7b,player2,0.8,40,selfplay_qwen_v2
Q019,J,Car brands,17,jaguar,qwen2.5:7b,player2,0.8,40,selfplay_qwen_v2
Q019,J,Car brands,18,jaguar,qwen2.5:7b,player2,0.8,40,selfplay_qwen_v2
Q019,J,Car brands,19,jaguar,qwen2.5:7b,player2,0.8,40,selfplay_qwen_v2
Q020,J,Video game titles,0,jungle hunt,qwen2.5:7b,player2,0.8,40,selfplay_qwen_v2
Q020,J,Video game titles,1,just dance,qwen2.5:7b,player2,0.8,40,selfplay_qwen_v2
Q020,J,Video game titles,2,journey to the center,qwen2.5:7b,player2,0.8,40,selfplay_qwen_v2
Q020,J,Video game titles,3,journey to the center,qwen2.5:7b,player2,0.8,40,selfplay_qwen_v2
Q020,J,Video game titles,4,journey to the center of the earth,qwen2.5:7b,player2,0.8,40,selfplay_qwen_v2
Q020,J,Video game titles,5,journey to the center of the earth adventure,qwen2.5:7b,player2,0.8,40,selfplay_qwen_v2
Q020,J,Video game titles,6,just dance,qwen2.5:7b,player2,0.8,40,selfplay_qwen_v2
Q020,J,Video game titles,7,journey to the center of the earth adventure,qwen2.5:7b,player2,0.8,40,selfplay_qwen_v2
Q020,J,Video game titles,8,just dance,qwen2.5:7b,player2,0.8,40,selfplay_qwen_v2
Q020,J,Video game titles,9,just dance,qwen2.5:7b,player2,0.8,40,selfplay_qwen_v2
Q020,J,Video game titles,10,just dance,qwen2.5:7b,player2,0.8,40,selfplay_qwen_v2
Q020,J,Video game titles,11,just dance,qwen2.5:7b,player2,0.8,40,selfplay_qwen_v2
Q020,J,Video game titles,12,journey to the center of the earth adventure,qwen2.5:7b,player2,0.8,40,selfplay_qwen_v2
Q020,J,Video game titles,13,journey to the center,qwen2.5:7b,player2,0.8,40,selfplay_qwen_v2
Q020,J,Video game titles,14,journey to the center,qwen2.5:7b,player2,0.8,40,selfplay_qwen_v2
Q020,J,Video game titles,15,journey to the center,qwen2.5:7b,player2,0.8,40,selfplay_qwen_v2
Q020,J,Video game titles,16,just dance,qwen2.5:7b,player2,0.8,40,selfplay_qwen_v2
Q020,J,Video game titles,17,just cause,qwen2.5:7b,player2,0.8,40,selfplay_qwen_v2
Q020,J,Video game titles,18,just cause,qwen2.5:7b,player2,0.8,40,selfplay_qwen_v2
Q020,J,Video game titles,19,journey to the west,qwen2.5:7b,player2,0.8,40,selfplay_qwen_v2
Q021,K,Superheroes,0,kang kang king kong,qwen2.5:7b,player2,0.8,40,selfplay_qwen_v2
Q021,K,Superheroes,1,captain america,qwen2.5:7b,player2,0.8,40,selfplay_qwen_v2
Q021,K,Superheroes,2,kal-ellis,qwen2.5:7b,player2,0.8,40,selfplay_qwen_v2
Q021,K,Superheroes,3,knight rider,qwen2.5:7b,player2,0.8,40,selfplay_qwen_v2
Q021,K,Superheroes,4,kal-el,qwen2.5:7b,player2,0.8,40,selfplay_qwen_v2
Q021,K,Superheroes,5,deadpool,qwen2.5:7b,player2,0.8,40,selfplay_qwen_v2
Q021,K,Superheroes,6,iron man,qwen2.5:7b,player2,0.8,40,selfplay_qwen_v2
Q021,K,Superheroes,7,kal-el,qwen2.5:7b,player2,0.8,40,selfplay_qwen_v2
Q021,K,Superheroes,8,kangaroo kid,qwen2.5:7b,player2,0.8,40,selfplay_qwen_v2
Q021,K,Superheroes,9,kal-el,qwen2.5:7b,player2,0.8,40,selfplay_qwen_v2
Q021,K,Superheroes,10,kal-el,qwen2.5:7b,player2,0.8,40,selfplay_qwen_v2
Q021,K,Superheroes,11,king kong,qwen2.5:7b,player2,0.8,40,selfplay_qwen_v2
Q021,K,Superheroes,12,karnov,qwen2.5:7b,player2,0.8,40,selfplay_qwen_v2
Q021,K,Superheroes,13,kangaroo kid,qwen2.5:7b,player2,0.8,40,selfplay_qwen_v2
Q021,K,Superheroes,14,king kong,qwen2.5:7b,player2,0.8,40,selfplay_qwen_v2
Q021,K,Superheroes,15,kitty lynx,qwen2.5:7b,player2,0.8,40,selfplay_qwen_v2
Q021,K,Superheroes,16,spider-man,qwen2.5:7b,player2,0.8,40,selfplay_qwen_v2
Q021,K,Superheroes,17,king kong,qwen2.5:7b,player2,0.8,40,selfplay_qwen_v2
Q021,K,Superheroes,18,kal-el,qwen2.5:7b,player2,0.8,40,selfplay_qwen_v2
Q021,K,Superheroes,19,deadpool,qwen2.5:7b,player2,0.8,40,selfplay_qwen_v2
Q022,K,Things in a grocery store,0,kiwi,qwen2.5:7b,player2,0.8,40,selfplay_qwen_v2
Q022,K,Things in a grocery store,1,kiwi,qwen2.5:7b,player2,0.8,40,selfplay_qwen_v2
Q022,K,Things in a grocery store,2,kiwi,qwen2.5:7b,player2,0.8,40,selfplay_qwen_v2
Q022,K,Things in a grocery store,3,ketchup,qwen2.5:7b,player2,0.8,40,selfplay_qwen_v2
Q022,K,Things in a grocery store,4,ketchup,qwen2.5:7b,player2,0.8,40,selfplay_qwen_v2
Q022,K,Things in a grocery store,5,kiwi,qwen2.5:7b,player2,0.8,40,selfplay_qwen_v2
Q022,K,Things in a grocery store,6,potato chips,qwen2.5:7b,player2,0.8,40,selfplay_qwen_v2
Q022,K,Things in a grocery store,7,kiwi,qwen2.5:7b,player2,0.8,40,selfplay_qwen_v2
Q022,K,Things in a grocery store,8,ketchup,qwen2.5:7b,player2,0.8,40,selfplay_qwen_v2
Q022,K,Things in a grocery store,9,kiwi,qwen2.5:7b,player2,0.8,40,selfplay_qwen_v2
Q022,K,Things in a grocery store,10,ketchup,qwen2.5:7b,player2,0.8,40,selfplay_qwen_v2
Q022,K,Things in a grocery store,11,kiwi,qwen2.5:7b,player2,0.8,40,selfplay_qwen_v2
Q022,K,Things in a grocery store,12,ketchup,qwen2.5:7b,player2,0.8,40,selfplay_qwen_v2
Q022,K,Things in a grocery store,13,kiwi,qwen2.5:7b,player2,0.8,40,selfplay_qwen_v2
Q022,K,Things in a grocery store,14,kiwi,qwen2.5:7b,player2,0.8,40,selfplay_qwen_v2
Q022,K,Things in a grocery store,15,kiwi,qwen2.5:7b,player2,0.8,40,selfplay_qwen_v2
Q022,K,Things in a grocery store,16,kiwi,qwen2.5:7b,player2,0.8,40,selfplay_qwen_v2
Q022,K,Things in a grocery store,17,kiwi,qwen2.5:7b,player2,0.8,40,selfplay_qwen_v2
Q022,K,Things in a grocery store,18,kiwi,qwen2.5:7b,player2,0.8,40,selfplay_qwen_v2
Q022,K,Things in a grocery store,19,kiwi,qwen2.5:7b,player2,0.8,40,selfplay_qwen_v2
Q023,L,Dog breeds,0,labrador retriever,qwen2.5:7b,player2,0.8,40,selfplay_qwen_v2
Q023,L,Dog breeds,1,labrador retriever,qwen2.5:7b,player2,0.8,40,selfplay_qwen_v2
Q023,L,Dog breeds,2,labrador retriever,qwen2.5:7b,player2,0.8,40,selfplay_qwen_v2
Q023,L,Dog breeds,3,labrador retriever,qwen2.5:7b,player2,0.8,40,selfplay_qwen_v2
Q023,L,Dog breeds,4,labrador retriever,qwen2.5:7b,player2,0.8,40,selfplay_qwen_v2
Q023,L,Dog breeds,5,labrador retriever,qwen2.5:7b,player2,0.8,40,selfplay_qwen_v2
Q023,L,Dog breeds,6,labrador retriever,qwen2.5:7b,player2,0.8,40,selfplay_qwen_v2
Q023,L,Dog breeds,7,labrador retriever,qwen2.5:7b,player2,0.8,40,selfplay_qwen_v2
Q023,L,Dog breeds,8,labrador retriever,qwen2.5:7b,player2,0.8,40,selfplay_qwen_v2
Q023,L,Dog breeds,9,labrador retriever,qwen2.5:7b,player2,0.8,40,selfplay_qwen_v2
Q023,L,Dog breeds,10,labrador retriever,qwen2.5:7b,player2,0.8,40,selfplay_qwen_v2
Q023,L,Dog breeds,11,labrador retriever,qwen2.5:7b,player2,0.8,40,selfplay_qwen_v2
Q023,L,Dog breeds,12,labrador retriever,qwen2.5:7b,player2,0.8,40,selfplay_qwen_v2
Q023,L,Dog breeds,13,labrador retriever,qwen2.5:7b,player2,0.8,40,selfplay_qwen_v2
Q023,L,Dog breeds,14,labrador retriever,qwen2.5:7b,player2,0.8,40,selfplay_qwen_v2
Q023,L,Dog breeds,15,labrador retriever,qwen2.5:7b,player2,0.8,40,selfplay_qwen_v2
Q023,L,Dog breeds,16,labrador retriever,qwen2.5:7b,player2,0.8,40,selfplay_qwen_v2
Q023,L,Dog breeds,17,labrador retriever,qwen2.5:7b,player2,0.8,40,selfplay_qwen_v2
Q023,L,Dog breeds,18,labrador retriever,qwen2.5:7b,player2,0.8,40,selfplay_qwen_v2
Q023,L,Dog breeds,19,labrador retriever,qwen2.5:7b,player2,0.8,40,selfplay_qwen_v2
Q024,L,Books,0,lord of the flies,qwen2.5:7b,player2,0.8,40,selfplay_qwen_v2
Q024,L,Books,1,lord of the flies,qwen2.5:7b,player2,0.8,40,selfplay_qwen_v2
Q024,L,Books,2,lord of the flies,qwen2.5:7b,player2,0.8,40,selfplay_qwen_v2
Q024,L,Books,3,lord of flies,qwen2.5:7b,player2,0.8,40,selfplay_qwen_v2
Q024,L,Books,4,lord of the rings,qwen2.5:7b,player2,0.8,40,selfplay_qwen_v2
Q024,L,Books,5,lord of the flies,qwen2.5:7b,player2,0.8,40,selfplay_qwen_v2
Q024,L,Books,6,lord of the flies,qwen2.5:7b,player2,0.8,40,selfplay_qwen_v2
Q024,L,Books,7,lovecraft'sforgettablelengths,qwen2.5:7b,player2,0.8,40,selfplay_qwen_v2
Q024,L,Books,8,lord of the rings,qwen2.5:7b,player2,0.8,40,selfplay_qwen_v2
Q024,L,Books,9,lamb to the slaughter,qwen2.5:7b,player2,0.8,40,selfplay_qwen_v2
Q024,L,Books,10,lorem ipsum,qwen2.5:7b,player2,0.8,40,selfplay_qwen_v2
Q024,L,Books,11,les miserables,qwen2.5:7b,player2,0.8,40,selfplay_qwen_v2
Q024,L,Books,12,loving,qwen2.5:7b,player2,0.8,40,selfplay_qwen_v2
Q024,L,Books,13,lives of martyrs,qwen2.5:7b,player2,0.8,40,selfplay_qwen_v2
Q024,L,Books,14,literature,qwen2.5:7b,player2,0.8,40,selfplay_qwen_v2
Q024,L,Books,15,lord of flies,qwen2.5:7b,player2,0.8,40,selfplay_qwen_v2
Q024,L,Books,16,lucky charms lyrics,qwen2.5:7b,player2,0.8,40,selfplay_qwen_v2
Q024,L,Books,17,lovinglevator,qwen2.5:7b,player2,0.8,40,selfplay_qwen_v2
Q024,L,Books,18,lovingudeau,qwen2.5:7b,player2,0.8,40,selfplay_qwen_v2
Q024,L,Books,19,lord of the flies,qwen2.5:7b,player2,0.8,40,selfplay_qwen_v2
Q025,M,Languages,0,mandarin,qwen2.5:7b,player2,0.8,40,selfplay_qwen_v2
Q025,M,Languages,1,mandarin,qwen2.5:7b,player2,0.8,40,selfplay_qwen_v2
Q025,M,Languages,2,mandarin,qwen2.5:7b,player2,0.8,40,selfplay_qwen_v2
Q025,M,Languages,3,mandarin,qwen2.5:7b,player2,0.8,40,selfplay_qwen_v2
Q025,M,Languages,4,mandarin,qwen2.5:7b,player2,0.8,40,selfplay_qwen_v2
Q025,M,Languages,5,mandarin,qwen2.5:7b,player2,0.8,40,selfplay_qwen_v2
Q025,M,Languages,6,mongolian,qwen2.5:7b,player2,0.8,40,selfplay_qwen_v2
Q025,M,Languages,7,mandarin,qwen2.5:7b,player2,0.8,40,selfplay_qwen_v2
Q025,M,Languages,8,mandarin,qwen2.5:7b,player2,0.8,40,selfplay_qwen_v2
Q025,M,Languages,9,mandarin,qwen2.5:7b,player2,0.8,40,selfplay_qwen_v2
Q025,M,Languages,10,mandarin,qwen2.5:7b,player2,0.8,40,selfplay_qwen_v2
Q025,M,Languages,11,mandarin,qwen2.5:7b,player2,0.8,40,selfplay_qwen_v2
Q025,M,Languages,12,mandarin,qwen2.5:7b,player2,0.8,40,selfplay_qwen_v2
Q025,M,Languages,13,mandarin,qwen2.5:7b,player2,0.8,40,selfplay_qwen_v2
Q025,M,Languages,14,mongolian,qwen2.5:7b,player2,0.8,40,selfplay_qwen_v2
Q025,M,Languages,15,mandarin,qwen2.5:7b,player2,0.8,40,selfplay_qwen_v2
Q025,M,Languages,16,mandarin,qwen2.5:7b,player2,0.8,40,selfplay_qwen_v2
Q025,M,Languages,17,mandarin,qwen2.5:7b,player2,0.8,40,selfplay_qwen_v2
Q025,M,Languages,18,mandarin,qwen2.5:7b,player2,0.8,40,selfplay_qwen_v2
Q025,M,Languages,19,mandarin,qwen2.5:7b,player2,0.8,40,selfplay_qwen_v2
Q026,M,Clothing items,0,muffin mittens,qwen2.5:7b,player2,0.8,40,selfplay_qwen_v2
Q026,M,Clothing items,1,jeans,qwen2.5:7b,player2,0.8,40,selfplay_qwen_v2
Q026,M,Clothing items,2,sweater,qwen2.5:7b,player2,0.8,40,selfplay_qwen_v2
Q026,M,Clothing items,3,sweater,qwen2.5:7b,player2,0.8,40,selfplay_qwen_v2
Q026,M,Clothing items,4,jeans,qwen2.5:7b,player2,0.8,40,selfplay_qwen_v2
Q026,M,Clothing items,5,jeans,qwen2.5:7b,player2,0.8,40,selfplay_qwen_v2
Q026,M,Clothing items,6,sweater,qwen2.5:7b,player2,0.8,40,selfplay_qwen_v2
Q026,M,Clothing items,7,jeans,qwen2.5:7b,player2,0.8,40,selfplay_qwen_v2
Q026,M,Clothing items,8,jeans,qwen2.5:7b,player2,0.8,40,selfplay_qwen_v2
Q026,M,Clothing items,9,sweatshirt,qwen2.5:7b,player2,0.8,40,selfplay_qwen_v2
Q026,M,Clothing items,10,mug,qwen2.5:7b,player2,0.8,40,selfplay_qwen_v2
Q026,M,Clothing items,11,mug,qwen2.5:7b,player2,0.8,40,selfplay_qwen_v2
Q026,M,Clothing items,12,mug,qwen2.5:7b,player2,0.8,40,selfplay_qwen_v2
Q026,M,Clothing items,13,jeans,qwen2.5:7b,player2,0.8,40,selfplay_qwen_v2
Q026,M,Clothing items,14,mug,qwen2.5:7b,player2,0.8,40,selfplay_qwen_v2
Q026,M,Clothing items,15,mug,qwen2.5:7b,player2,0.8,40,selfplay_qwen_v2
Q026,M,Clothing items,16,jeans,qwen2.5:7b,player2,0.8,40,selfplay_qwen_v2
Q026,M,Clothing items,17,sweatshirt,qwen2.5:7b,player2,0.8,40,selfplay_qwen_v2
Q026,M,Clothing items,18,mug,qwen2.5:7b,player2,0.8,40,selfplay_qwen_v2
Q026,M,Clothing items,19,moccasins,qwen2.5:7b,player2,0.8,40,selfplay_qwen_v2
Q027,N,Birds,0,nightingale,qwen2.5:7b,player2,0.8,40,selfplay_qwen_v2
Q027,N,Birds,1,nutcracker,qwen2.5:7b,player2,0.8,40,selfplay_qwen_v2
Q027,N,Birds,2,nightingale,qwen2.5:7b,player2,0.8,40,selfplay_qwen_v2
Q027,N,Birds,3,norwegian loafa,qwen2.5:7b,player2,0.8,40,selfplay_qwen_v2
Q027,N,Birds,4,penguin,qwen2.5:7b,player2,0.8,40,selfplay_qwen_v2
Q027,N,Birds,5,nightingale,qwen2.5:7b,player2,0.8,40,selfplay_qwen_v2
Q027,N,Birds,6,nightingale,qwen2.5:7b,player2,0.8,40,selfplay_qwen_v2
Q027,N,Birds,7,nightingale,qwen2.5:7b,player2,0.8,40,selfplay_qwen_v2
Q027,N,Birds,8,nightingale,qwen2.5:7b,player2,0.8,40,selfplay_qwen_v2
Q027,N,Birds,9,nightingale,qwen2.5:7b,player2,0.8,40,selfplay_qwen_v2
Q027,N,Birds,10,nightingale,qwen2.5:7b,player2,0.8,40,selfplay_qwen_v2
Q027,N,Birds,11,nightingale,qwen2.5:7b,player2,0.8,40,selfplay_qwen_v2
Q027,N,Birds,12,penguin,qwen2.5:7b,player2,0.8,40,selfplay_qwen_v2
Q027,N,Birds,13,nightingale,qwen2.5:7b,player2,0.8,40,selfplay_qwen_v2
Q027,N,Birds,14,penguin,qwen2.5:7b,player2,0.8,40,selfplay_qwen_v2
Q027,N,Birds,15,nightingale,qwen2.5:7b,player2,0.8,40,selfplay_qwen_v2
Q027,N,Birds,16,nightingale,qwen2.5:7b,player2,0.8,40,selfplay_qwen_v2
Q027,N,Birds,17,nightingale,qwen2.5:7b,player2,0.8,40,selfplay_qwen_v2
Q027,N,Birds,18,nightingale,qwen2.5:7b,player2,0.8,40,selfplay_qwen_v2
Q027,N,Birds,19,nightingale,qwen2.5:7b,player2,0.8,40,selfplay_qwen_v2
Q028,N,Things in a hospital,0,nurse,qwen2.5:7b,player2,0.8,40,selfplay_qwen_v2
Q028,N,Things in a hospital,1,nurse,qwen2.5:7b,player2,0.8,40,selfplay_qwen_v2
Q028,N,Things in a hospital,2,nurse,qwen2.5:7b,player2,0.8,40,selfplay_qwen_v2
Q028,N,Things in a hospital,3,nurse,qwen2.5:7b,player2,0.8,40,selfplay_qwen_v2
Q028,N,Things in a hospital,4,nurse,qwen2.5:7b,player2,0.8,40,selfplay_qwen_v2
Q028,N,Things in a hospital,5,nurse,qwen2.5:7b,player2,0.8,40,selfplay_qwen_v2
Q028,N,Things in a hospital,6,nurse,qwen2.5:7b,player2,0.8,40,selfplay_qwen_v2
Q028,N,Things in a hospital,7,nurse,qwen2.5:7b,player2,0.8,40,selfplay_qwen_v2
Q028,N,Things in a hospital,8,nurse,qwen2.5:7b,player2,0.8,40,selfplay_qwen_v2
Q028,N,Things in a hospital,9,nurse,qwen2.5:7b,player2,0.8,40,selfplay_qwen_v2
Q028,N,Things in a hospital,10,nurse,qwen2.5:7b,player2,0.8,40,selfplay_qwen_v2
Q028,N,Things in a hospital,11,nurse,qwen2.5:7b,player2,0.8,40,selfplay_qwen_v2
Q028,N,Things in a hospital,12,nurse,qwen2.5:7b,player2,0.8,40,selfplay_qwen_v2
Q028,N,Things in a hospital,13,nurse,qwen2.5:7b,player2,0.8,40,selfplay_qwen_v2
Q028,N,Things in a hospital,14,nurse,qwen2.5:7b,player2,0.8,40,selfplay_qwen_v2
Q028,N,Things in a hospital,15,nurse,qwen2.5:7b,player2,0.8,40,selfplay_qwen_v2
Q028,N,Things in a hospital,16,nurse,qwen2.5:7b,player2,0.8,40,selfplay_qwen_v2
Q028,N,Things in a hospital,17,nurse,qwen2.5:7b,player2,0.8,40,selfplay_qwen_v2
Q028,N,Things in a hospital,18,nurse,qwen2.5:7b,player2,0.8,40,selfplay_qwen_v2
Q028,N,Things in a hospital,19,nurse,qwen2.5:7b,player2,0.8,40,selfplay_qwen_v2
Q029,O,Companies,0,office depot,qwen2.5:7b,player2,0.8,40,selfplay_qwen_v2
Q029,O,Companies,1,oracle,qwen2.5:7b,player2,0.8,40,selfplay_qwen_v2
Q029,O,Companies,2,office depot,qwen2.5:7b,player2,0.8,40,selfplay_qwen_v2
Q029,O,Companies,3,oracle,qwen2.5:7b,player2,0.8,40,selfplay_qwen_v2
Q029,O,Companies,4,oracle,qwen2.5:7b,player2,0.8,40,selfplay_qwen_v2
Q029,O,Companies,5,oracle,qwen2.5:7b,player2,0.8,40,selfplay_qwen_v2
Q029,O,Companies,6,oracle,qwen2.5:7b,player2,0.8,40,selfplay_qwen_v2
Q029,O,Companies,7,oracle,qwen2.5:7b,player2,0.8,40,selfplay_qwen_v2
Q029,O,Companies,8,oracle,qwen2.5:7b,player2,0.8,40,selfplay_qwen_v2
Q029,O,Companies,9,oracle,qwen2.5:7b,player2,0.8,40,selfplay_qwen_v2
Q029,O,Companies,10,oracle,qwen2.5:7b,player2,0.8,40,selfplay_qwen_v2
Q029,O,Companies,11,oracle,qwen2.5:7b,player2,0.8,40,selfplay_qwen_v2
Q029,O,Companies,12,oracle,qwen2.5:7b,player2,0.8,40,selfplay_qwen_v2
Q029,O,Companies,13,oracle,qwen2.5:7b,player2,0.8,40,selfplay_qwen_v2
Q029,O,Companies,14,oracle,qwen2.5:7b,player2,0.8,40,selfplay_qwen_v2
Q029,O,Companies,15,oracle,qwen2.5:7b,player2,0.8,40,selfplay_qwen_v2
Q029,O,Companies,16,oracle,qwen2.5:7b,player2,0.8,40,selfplay_qwen_v2
Q029,O,Companies,17,oracle,qwen2.5:7b,player2,0.8,40,selfplay_qwen_v2
Q029,O,Companies,18,oracle,qwen2.5:7b,player2,0.8,40,selfplay_qwen_v2
Q029,O,Companies,19,office depot,qwen2.5:7b,player2,0.8,40,selfplay_qwen_v2
Q030,O,Things in the sky,0,clouds,qwen2.5:7b,player2,0.8,40,selfplay_qwen_v2
Q030,O,Things in the sky,1,clouds,qwen2.5:7b,player2,0.8,40,selfplay_qwen_v2
Q030,O,Things in the sky,2,clouds,qwen2.5:7b,player2,0.8,40,selfplay_qwen_v2
Q030,O,Things in the sky,3,clouds,qwen2.5:7b,player2,0.8,40,selfplay_qwen_v2
Q030,O,Things in the sky,4,cloud,qwen2.5:7b,player2,0.8,40,selfplay_qwen_v2
Q030,O,Things in the sky,5,clouds,qwen2.5:7b,player2,0.8,40,selfplay_qwen_v2
Q030,O,Things in the sky,6,cloud,qwen2.5:7b,player2,0.8,40,selfplay_qwen_v2
Q030,O,Things in the sky,7,clouds,qwen2.5:7b,player2,0.8,40,selfplay_qwen_v2
Q030,O,Things in the sky,8,cloud,qwen2.5:7b,player2,0.8,40,selfplay_qwen_v2
Q030,O,Things in the sky,9,clouds,qwen2.5:7b,player2,0.8,40,selfplay_qwen_v2
Q030,O,Things in the sky,10,cloud,qwen2.5:7b,player2,0.8,40,selfplay_qwen_v2
Q030,O,Things in the sky,11,cloud,qwen2.5:7b,player2,0.8,40,selfplay_qwen_v2
Q030,O,Things in the sky,12,clouds,qwen2.5:7b,player2,0.8,40,selfplay_qwen_v2
Q030,O,Things in the sky,13,cloud,qwen2.5:7b,player2,0.8,40,selfplay_qwen_v2
Q030,O,Things in the sky,14,cloud,qwen2.5:7b,player2,0.8,40,selfplay_qwen_v2
Q030,O,Things in the sky,15,cloud,qwen2.5:7b,player2,0.8,40,selfplay_qwen_v2
Q030,O,Things in the sky,16,cloud,qwen2.5:7b,player2,0.8,40,selfplay_qwen_v2
Q030,O,Things in the sky,17,cloud,qwen2.5:7b,player2,0.8,40,selfplay_qwen_v2
Q030,O,Things in the sky,18,clouds,qwen2.5:7b,player2,0.8,40,selfplay_qwen_v2
Q030,O,Things in the sky,19,clouds,qwen2.5:7b,player2,0.8,40,selfplay_qwen_v2
Q031,P,Vegetables,0,pepperoni peppers,qwen2.5:7b,player2,0.8,40,selfplay_qwen_v2
Q031,P,Vegetables,1,potato,qwen2.5:7b,player2,0.8,40,selfplay_qwen_v2
Q031,P,Vegetables,2,pepperoni,qwen2.5:7b,player2,0.8,40,selfplay_qwen_v2
Q031,P,Vegetables,3,peas,qwen2.5:7b,player2,0.8,40,selfplay_qwen_v2
Q031,P,Vegetables,4,potato,qwen2.5:7b,player2,0.8,40,selfplay_qwen_v2
Q031,P,Vegetables,5,peas,qwen2.5:7b,player2,0.8,40,selfplay_qwen_v2
Q031,P,Vegetables,6,potato,qwen2.5:7b,player2,0.8,40,selfplay_qwen_v2
Q031,P,Vegetables,7,potato,qwen2.5:7b,player2,0.8,40,selfplay_qwen_v2
Q031,P,Vegetables,8,peas,qwen2.5:7b,player2,0.8,40,selfplay_qwen_v2
Q031,P,Vegetables,9,potato,qwen2.5:7b,player2,0.8,40,selfplay_qwen_v2
Q031,P,Vegetables,10,potato powder,qwen2.5:7b,player2,0.8,40,selfplay_qwen_v2
Q031,P,Vegetables,11,potato,qwen2.5:7b,player2,0.8,40,selfplay_qwen_v2
Q031,P,Vegetables,12,pepperoni,qwen2.5:7b,player2,0.8,40,selfplay_qwen_v2
Q031,P,Vegetables,13,pepperoni peppers,qwen2.5:7b,player2,0.8,40,selfplay_qwen_v2
Q031,P,Vegetables,14,peas,qwen2.5:7b,player2,0.8,40,selfplay_qwen_v2
Q031,P,Vegetables,15,peas,qwen2.5:7b,player2,0.8,40,selfplay_qwen_v2
Q031,P,Vegetables,16,potato,qwen2.5:7b,player2,0.8,40,selfplay_qwen_v2
Q031,P,Vegetables,17,peas,qwen2.5:7b,player2,0.8,40,selfplay_qwen_v2
Q031,P,Vegetables,18,peas pods,qwen2.5:7b,player2,0.8,40,selfplay_qwen_v2
Q031,P,Vegetables,19,potato,qwen2.5:7b,player2,0.8,40,selfplay_qwen_v2
Q032,P,Historical figures,0,pompey,qwen2.5:7b,player2,0.8,40,selfplay_qwen_v2
Q032,P,Historical figures,1,paul revere,qwen2.5:7b,player2,0.8,40,selfplay_qwen_v2
Q032,P,Historical figures,2,paul revere,qwen2.5:7b,player2,0.8,40,selfplay_qwen_v2
Q032,P,Historical figures,3,peter the great,qwen2.5:7b,player2,0.8,40,selfplay_qwen_v2
Q032,P,Historical figures,4,pompey,qwen2.5:7b,player2,0.8,40,selfplay_qwen_v2
Q032,P,Historical figures,5,pizarro,qwen2.5:7b,player2,0.8,40,selfplay_qwen_v2
Q032,P,Historical figures,6,nikola tesla,qwen2.5:7b,player2,0.8,40,selfplay_qwen_v2
Q032,P,Historical figures,7,ptolemy,qwen2.5:7b,player2,0.8,40,selfplay_qwen_v2
Q032,P,Historical figures,8,paul rusesabagina,qwen2.5:7b,player2,0.8,40,selfplay_qwen_v2
Q032,P,Historical figures,9,pol Pot,qwen2.5:7b,player2,0.8,40,selfplay_qwen_v2
Q032,P,Historical figures,10,pythagoras,qwen2.5:7b,player2,0.8,40,selfplay_qwen_v2
Q032,P,Historical figures,11,pompey,qwen2.5:7b,player2,0.8,40,selfplay_qwen_v2
Q032,P,Historical figures,12,pythagoras,qwen2.5:7b,player2,0.8,40,selfplay_qwen_v2
Q032,P,Historical figures,13,pompey,qwen2.5:7b,player2,0.8,40,selfplay_qwen_v2
Q032,P,Historical figures,14,peter the great,qwen2.5:7b,player2,0.8,40,selfplay_qwen_v2
Q032,P,Historical figures,15,napoleon bonaparte,qwen2.5:7b,player2,0.8,40,selfplay_qwen_v2
Q032,P,Historical figures,16,paul revere,qwen2.5:7b,player2,0.8,40,selfplay_qwen_v2
Q032,P,Historical figures,17,paul poitras,qwen2.5:7b,player2,0.8,40,selfplay_qwen_v2
Q032,P,Historical figures,18,pompey,qwen2.5:7b,player2,0.8,40,selfplay_qwen_v2
Q032,P,Historical figures,19,pope john paul ii,qwen2.5:7b,player2,0.8,40,selfplay_qwen_v2
Q033,Q,Words in English,0,quilt,qwen2.5:7b,player2,0.8,40,selfplay_qwen_v2
Q033,Q,Words in English,1,quill,qwen2.5:7b,player2,0.8,40,selfplay_qwen_v2
Q033,Q,Words in English,2,quill笔,qwen2.5:7b,player2,0.8,40,selfplay_qwen_v2
Q033,Q,Words in English,3,quill,qwen2.5:7b,player2,0.8,40,selfplay_qwen_v2
Q033,Q,Words in English,4,quill pen,qwen2.5:7b,player2,0.8,40,selfplay_qwen_v2
Q033,Q,Words in English,5,quill,qwen2.5:7b,player2,0.8,40,selfplay_qwen_v2
Q033,Q,Words in English,6,quill pen,qwen2.5:7b,player2,0.8,40,selfplay_qwen_v2
Q033,Q,Words in English,7,quill,qwen2.5:7b,player2,0.8,40,selfplay_qwen_v2
Q033,Q,Words in English,8,quill,qwen2.5:7b,player2,0.8,40,selfplay_qwen_v2
Q033,Q,Words in English,9,quill pen,qwen2.5:7b,player2,0.8,40,selfplay_qwen_v2
Q033,Q,Words in English,10,quill笔,qwen2.5:7b,player2,0.8,40,selfplay_qwen_v2
Q033,Q,Words in English,11,quill,qwen2.5:7b,player2,0.8,40,selfplay_qwen_v2
Q033,Q,Words in English,12,quill,qwen2.5:7b,player2,0.8,40,selfplay_qwen_v2
Q033,Q,Words in English,13,quilt,qwen2.5:7b,player2,0.8,40,selfplay_qwen_v2
Q033,Q,Words in English,14,quill pen,qwen2.5:7b,player2,0.8,40,selfplay_qwen_v2
Q033,Q,Words in English,15,quill,qwen2.5:7b,player2,0.8,40,selfplay_qwen_v2
Q033,Q,Words in English,16,quill,qwen2.5:7b,player2,0.8,40,selfplay_qwen_v2
Q033,Q,Words in English,17,quill,qwen2.5:7b,player2,0.8,40,selfplay_qwen_v2
Q033,Q,Words in English,18,quilt,qwen2.5:7b,player2,0.8,40,selfplay_qwen_v2
Q033,Q,Words in English,19,quill,qwen2.5:7b,player2,0.8,40,selfplay_qwen_v2
Q034,Q,Fictional characters,0,quasimodo,qwen2.5:7b,player2,0.8,40,selfplay_qwen_v2
Q034,Q,Fictional characters,1,quasimodo,qwen2.5:7b,player2,0.8,40,selfplay_qwen_v2
Q034,Q,Fictional characters,2,quasimodo,qwen2.5:7b,player2,0.8,40,selfplay_qwen_v2
Q034,Q,Fictional characters,3,quasimodo,qwen2.5:7b,player2,0.8,40,selfplay_qwen_v2
Q034,Q,Fictional characters,4,quasimodo,qwen2.5:7b,player2,0.8,40,selfplay_qwen_v2
Q034,Q,Fictional characters,5,quasimodo,qwen2.5:7b,player2,0.8,40,selfplay_qwen_v2
Q034,Q,Fictional characters,6,quasimodo,qwen2.5:7b,player2,0.8,40,selfplay_qwen_v2
Q034,Q,Fictional characters,7,quasimodo,qwen2.5:7b,player2,0.8,40,selfplay_qwen_v2
Q034,Q,Fictional characters,8,quasimodo,qwen2.5:7b,player2,0.8,40,selfplay_qwen_v2
Q034,Q,Fictional characters,9,quasimodo,qwen2.5:7b,player2,0.8,40,selfplay_qwen_v2
Q034,Q,Fictional characters,10,quasimodo,qwen2.5:7b,player2,0.8,40,selfplay_qwen_v2
Q034,Q,Fictional characters,11,quasimodo,qwen2.5:7b,player2,0.8,40,selfplay_qwen_v2
Q034,Q,Fictional characters,12,quasimodo,qwen2.5:7b,player2,0.8,40,selfplay_qwen_v2
Q034,Q,Fictional characters,13,quasimodo,qwen2.5:7b,player2,0.8,40,selfplay_qwen_v2
Q034,Q,Fictional characters,14,quasimodo,qwen2.5:7b,player2,0.8,40,selfplay_qwen_v2
Q034,Q,Fictional characters,15,quasimodo,qwen2.5:7b,player2,0.8,40,selfplay_qwen_v2
Q034,Q,Fictional characters,16,quasimodo,qwen2.5:7b,player2,0.8,40,selfplay_qwen_v2
Q034,Q,Fictional characters,17,quasimodo,qwen2.5:7b,player2,0.8,40,selfplay_qwen_v2
Q034,Q,Fictional characters,18,quasimodo,qwen2.5:7b,player2,0.8,40,selfplay_qwen_v2
Q034,Q,Fictional characters,19,quasimodo,qwen2.5:7b,player2,0.8,40,selfplay_qwen_v2
Q035,R,Songs,0,raindrops keep falling on my head,qwen2.5:7b,player2,0.8,40,selfplay_qwen_v2
Q035,R,Songs,1,radiohead,qwen2.5:7b,player2,0.8,40,selfplay_qwen_v2
Q035,R,Songs,2,raindrops keep falling on my head,qwen2.5:7b,player2,0.8,40,selfplay_qwen_v2
Q035,R,Songs,3,raindrops keep falling on my head,qwen2.5:7b,player2,0.8,40,selfplay_qwen_v2
Q035,R,Songs,4,radiohead,qwen2.5:7b,player2,0.8,40,selfplay_qwen_v2
Q035,R,Songs,5,rockin' robin,qwen2.5:7b,player2,0.8,40,selfplay_qwen_v2
Q035,R,Songs,6,red red wagon,qwen2.5:7b,player2,0.8,40,selfplay_qwen_v2
Q035,R,Songs,7,radiohead,qwen2.5:7b,player2,0.8,40,selfplay_qwen_v2
Q035,R,Songs,8,rhythm of the rain,qwen2.5:7b,player2,0.8,40,selfplay_qwen_v2
Q035,R,Songs,9,ray of sunshine,qwen2.5:7b,player2,0.8,40,selfplay_qwen_v2
Q035,R,Songs,10,raindrops keep falling on my head,qwen2.5:7b,player2,0.8,40,selfplay_qwen_v2
Q035,R,Songs,11,rhythm of the rain,qwen2.5:7b,player2,0.8,40,selfplay_qwen_v2
Q035,R,Songs,12,rhapsody,qwen2.5:7b,player2,0.8,40,selfplay_qwen_v2
Q035,R,Songs,13,rhythm of the rain,qwen2.5:7b,player2,0.8,40,selfplay_qwen_v2
Q035,R,Songs,14,robin hood themed song,qwen2.5:7b,player2,0.8,40,selfplay_qwen_v2
Q035,R,Songs,15,rhythm of the rain,qwen2.5:7b,player2,0.8,40,selfplay_qwen_v2
Q035,R,Songs,16,radiohead,qwen2.5:7b,player2,0.8,40,selfplay_qwen_v2
Q035,R,Songs,17,rhythm section,qwen2.5:7b,player2,0.8,40,selfplay_qwen_v2
Q035,R,Songs,18,radiohead,qwen2.5:7b,player2,0.8,40,selfplay_qwen_v2
Q035,R,Songs,19,rhythms,qwen2.5:7b,player2,0.8,40,selfplay_qwen_v2
Q036,R,Tools,0,pliers,qwen2.5:7b,player2,0.8,40,selfplay_qwen_v2
Q036,R,Tools,1,pliers,qwen2.5:7b,player2,0.8,40,selfplay_qwen_v2
Q036,R,Tools,2,pliers,qwen2.5:7b,player2,0.8,40,selfplay_qwen_v2
Q036,R,Tools,3,rubber mallet,qwen2.5:7b,player2,0.8,40,selfplay_qwen_v2
Q036,R,Tools,4,pliers,qwen2.5:7b,player2,0.8,40,selfplay_qwen_v2
Q036,R,Tools,5,pliers,qwen2.5:7b,player2,0.8,40,selfplay_qwen_v2
Q036,R,Tools,6,pliers,qwen2.5:7b,player2,0.8,40,selfplay_qwen_v2
Q036,R,Tools,7,rubber mallet,qwen2.5:7b,player2,0.8,40,selfplay_qwen_v2
Q036,R,Tools,8,rake,qwen2.5:7b,player2,0.8,40,selfplay_qwen_v2
Q036,R,Tools,9,pliers,qwen2.5:7b,player2,0.8,40,selfplay_qwen_v2
Q036,R,Tools,10,rubber mallet,qwen2.5:7b,player2,0.8,40,selfplay_qwen_v2
Q036,R,Tools,11,pliers,qwen2.5:7b,player2,0.8,40,selfplay_qwen_v2
Q036,R,Tools,12,pliers,qwen2.5:7b,player2,0.8,40,selfplay_qwen_v2
Q036,R,Tools,13,rubber mallet,qwen2.5:7b,player2,0.8,40,selfplay_qwen_v2
Q036,R,Tools,14,pliers,qwen2.5:7b,player2,0.8,40,selfplay_qwen_v2
Q036,R,Tools,15,pliers,qwen2.5:7b,player2,0.8,40,selfplay_qwen_v2
Q036,R,Tools,16,rake,qwen2.5:7b,player2,0.8,40,selfplay_qwen_v2
Q036,R,Tools,17,pliers,qwen2.5:7b,player2,0.8,40,selfplay_qwen_v2
Q036,R,Tools,18,pliers,qwen2.5:7b,player2,0.8,40,selfplay_qwen_v2
Q036,R,Tools,19,pliers,qwen2.5:7b,player2,0.8,40,selfplay_qwen_v2
Q037,S,Animals,0,squirrel,qwen2.5:7b,player2,0.8,40,selfplay_qwen_v2
Q037,S,Animals,1,sea lion,qwen2.5:7b,player2,0.8,40,selfplay_qwen_v2
Q037,S,Animals,2,panda,qwen2.5:7b,player2,0.8,40,selfplay_qwen_v2
Q037,S,Animals,3,panda,qwen2.5:7b,player2,0.8,40,selfplay_qwen_v2
Q037,S,Animals,4,polar bear,qwen2.5:7b,player2,0.8,40,selfplay_qwen_v2
Q037,S,Animals,5,polar bear,qwen2.5:7b,player2,0.8,40,selfplay_qwen_v2
Q037,S,Animals,6,koala,qwen2.5:7b,player2,0.8,40,selfplay_qwen_v2
Q037,S,Animals,7,squirrel,qwen2.5:7b,player2,0.8,40,selfplay_qwen_v2
Q037,S,Animals,8,polar bear,qwen2.5:7b,player2,0.8,40,selfplay_qwen_v2
Q037,S,Animals,9,penguin,qwen2.5:7b,player2,0.8,40,selfplay_qwen_v2
Q037,S,Animals,10,seal,qwen2.5:7b,player2,0.8,40,selfplay_qwen_v2
Q037,S,Animals,11,panda,qwen2.5:7b,player2,0.8,40,selfplay_qwen_v2
Q037,S,Animals,12,seal,qwen2.5:7b,player2,0.8,40,selfplay_qwen_v2
Q037,S,Animals,13,panda,qwen2.5:7b,player2,0.8,40,selfplay_qwen_v2
Q037,S,Animals,14,panda,qwen2.5:7b,player2,0.8,40,selfplay_qwen_v2
Q037,S,Animals,15,koala,qwen2.5:7b,player2,0.8,40,selfplay_qwen_v2
Q037,S,Animals,16,seal,qwen2.5:7b,player2,0.8,40,selfplay_qwen_v2
Q037,S,Animals,17,panda,qwen2.5:7b,player2,0.8,40,selfplay_qwen_v2
Q037,S,Animals,18,panda,qwen2.5:7b,player2,0.8,40,selfplay_qwen_v2
Q037,S,Animals,19,koala,qwen2.5:7b,player2,0.8,40,selfplay_qwen_v2
Q038,S,Things in an office,0,water cooler,qwen2.5:7b,player2,0.8,40,selfplay_qwen_v2
Q038,S,Things in an office,1,water cooler,qwen2.5:7b,player2,0.8,40,selfplay_qwen_v2
Q038,S,Things in an office,2,copier,qwen2.5:7b,player2,0.8,40,selfplay_qwen_v2
Q038,S,Things in an office,3,water cooler,qwen2.5:7b,player2,0.8,40,selfplay_qwen_v2
Q038,S,Things in an office,4,supply cabinet,qwen2.5:7b,player2,0.8,40,selfplay_qwen_v2
Q038,S,Things in an office,5,supply cabinet,qwen2.5:7b,player2,0.8,40,selfplay_qwen_v2
Q038,S,Things in an office,6,water cooler,qwen2.5:7b,player2,0.8,40,selfplay_qwen_v2
Q038,S,Things in an office,7,scroller,qwen2.5:7b,player2,0.8,40,selfplay_qwen_v2
Q038,S,Things in an office,8,water cooler,qwen2.5:7b,player2,0.8,40,selfplay_qwen_v2
Q038,S,Things in an office,9,copier,qwen2.5:7b,player2,0.8,40,selfplay_qwen_v2
Q038,S,Things in an office,10,water cooler,qwen2.5:7b,player2,0.8,40,selfplay_qwen_v2
Q038,S,Things in an office,11,copier,qwen2.5:7b,player2,0.8,40,selfplay_qwen_v2
Q038,S,Things in an office,12,water cooler,qwen2.5:7b,player2,0.8,40,selfplay_qwen_v2
Q038,S,Things in an office,13,water cooler,qwen2.5:7b,player2,0.8,40,selfplay_qwen_v2
Q038,S,Things in an office,14,water cooler,qwen2.5:7b,player2,0.8,40,selfplay_qwen_v2
Q038,S,Things in an office,15,mouse,qwen2.5:7b,player2,0.8,40,selfplay_qwen_v2
Q038,S,Things in an office,16,stapler,qwen2.5:7b,player2,0.8,40,selfplay_qwen_v2
Q038,S,Things in an office,17,copier,qwen2.5:7b,player2,0.8,40,selfplay_qwen_v2
Q038,S,Things in an office,18,water cooler,qwen2.5:7b,player2,0.8,40,selfplay_qwen_v2
Q038,S,Things in an office,19,water cooler,qwen2.5:7b,player2,0.8,40,selfplay_qwen_v2
Q039,T,Countries,0,tanzania,qwen2.5:7b,player2,0.8,40,selfplay_qwen_v2
Q039,T,Countries,1,tunisia,qwen2.5:7b,player2,0.8,40,selfplay_qwen_v2
Q039,T,Countries,2,tunisia,qwen2.5:7b,player2,0.8,40,selfplay_qwen_v2
Q039,T,Countries,3,thailand,qwen2.5:7b,player2,0.8,40,selfplay_qwen_v2
Q039,T,Countries,4,tunisia,qwen2.5:7b,player2,0.8,40,selfplay_qwen_v2
Q039,T,Countries,5,tunisia,qwen2.5:7b,player2,0.8,40,selfplay_qwen_v2
Q039,T,Countries,6,turkey,qwen2.5:7b,player2,0.8,40,selfplay_qwen_v2
Q039,T,Countries,7,taiwan,qwen2.5:7b,player2,0.8,40,selfplay_qwen_v2
Q039,T,Countries,8,tunisia,qwen2.5:7b,player2,0.8,40,selfplay_qwen_v2
Q039,T,Countries,9,tanzania,qwen2.5:7b,player2,0.8,40,selfplay_qwen_v2
Q039,T,Countries,10,tunisia,qwen2.5:7b,player2,0.8,40,selfplay_qwen_v2
Q039,T,Countries,11,tunisia,qwen2.5:7b,player2,0.8,40,selfplay_qwen_v2
Q039,T,Countries,12,turkey,qwen2.5:7b,player2,0.8,40,selfplay_qwen_v2
Q039,T,Countries,13,tunisia,qwen2.5:7b,player2,0.8,40,selfplay_qwen_v2
Q039,T,Countries,14,taiwan,qwen2.5:7b,player2,0.8,40,selfplay_qwen_v2
Q039,T,Countries,15,tunisia,qwen2.5:7b,player2,0.8,40,selfplay_qwen_v2
Q039,T,Countries,16,tanzania,qwen2.5:7b,player2,0.8,40,selfplay_qwen_v2
Q039,T,Countries,17,tunisia,qwen2.5:7b,player2,0.8,40,selfplay_qwen_v2
Q039,T,Countries,18,tunisia,qwen2.5:7b,player2,0.8,40,selfplay_qwen_v2
Q039,T,Countries,19,tunisia,qwen2.5:7b,player2,0.8,40,selfplay_qwen_v2
Q040,T,TV shows,0,friends,qwen2.5:7b,player2,0.8,40,selfplay_qwen_v2
Q040,T,TV shows,1,tiny hospital,qwen2.5:7b,player2,0.8,40,selfplay_qwen_v2
Q040,T,TV shows,2,twilight,qwen2.5:7b,player2,0.8,40,selfplay_qwen_v2
Q040,T,TV shows,3,twin peaks,qwen2.5:7b,player2,0.8,40,selfplay_qwen_v2
Q040,T,TV shows,4,twin peaks,qwen2.5:7b,player2,0.8,40,selfplay_qwen_v2
Q040,T,TV shows,5,twenty-four,qwen2.5:7b,player2,0.8,40,selfplay_qwen_v2
Q040,T,TV shows,6,thirtynine shades of gray,qwen2.5:7b,player2,0.8,40,selfplay_qwen_v2
Q040,T,TV shows,7,south park,qwen2.5:7b,player2,0.8,40,selfplay_qwen_v2
Q040,T,TV shows,8,twilight,qwen2.5:7b,player2,0.8,40,selfplay_qwen_v2
Q040,T,TV shows,9,twilight saga,qwen2.5:7b,player2,0.8,40,selfplay_qwen_v2
Q040,T,TV shows,10,deadwood,qwen2.5:7b,player2,0.8,40,selfplay_qwen_v2
Q040,T,TV shows,11,thrive global,qwen2.5:7b,player2,0.8,40,selfplay_qwen_v2
Q040,T,TV shows,12,friends,qwen2.5:7b,player2,0.8,40,selfplay_qwen_v2
Q040,T,TV shows,13,thirtynine shades of grey,qwen2.5:7b,player2,0.8,40,selfplay_qwen_v2
Q040,T,TV shows,14,thirtysomething,qwen2.5:7b,player2,0.8,40,selfplay_qwen_v2
Q040,T,TV shows,15,twin peaks,qwen2.5:7b,player2,0.8,40,selfplay_qwen_v2
Q040,T,TV shows,16,thirtynine,qwen2.5:7b,player2,0.8,40,selfplay_qwen_v2
Q040,T,TV shows,17,twilight,qwen2.5:7b,player2,0.8,40,selfplay_qwen_v2
Q040,T,TV shows,18,troubleshooters conquer casino costa rica,qwen2.5:7b,player2,0.8,40,selfplay_qwen_v2
Q040,T,TV shows,19,twilight,qwen2.5:7b,player2,0.8,40,selfplay_qwen_v2
Q041,U,U.S. colleges,0,union college,qwen2.5:7b,player2,0.8,40,selfplay_qwen_v2
Q041,U,U.S. colleges,1,uc berkeley,qwen2.5:7b,player2,0.8,40,selfplay_qwen_v2
Q041,U,U.S. colleges,2,harvard,qwen2.5:7b,player2,0.8,40,selfplay_qwen_v2
Q041,U,U.S. colleges,3,harvard university,qwen2.5:7b,player2,0.8,40,selfplay_qwen_v2
Q041,U,U.S. colleges,4,ucdavis,qwen2.5:7b,player2,0.8,40,selfplay_qwen_v2
Q041,U,U.S. colleges,5,stanford university,qwen2.5:7b,player2,0.8,40,selfplay_qwen_v2
Q041,U,U.S. colleges,6,uc berkeley,qwen2.5:7b,player2,0.8,40,selfplay_qwen_v2
Q041,U,U.S. colleges,7,uc berkeley,qwen2.5:7b,player2,0.8,40,selfplay_qwen_v2
Q041,U,U.S. colleges,8,university of colorado Boulder,qwen2.5:7b,player2,0.8,40,selfplay_qwen_v2
Q041,U,U.S. colleges,9,university of colorado,qwen2.5:7b,player2,0.8,40,selfplay_qwen_v2
Q041,U,U.S. colleges,10,stanford university,qwen2.5:7b,player2,0.8,40,selfplay_qwen_v2
Q041,U,U.S. colleges,11,uc berkeley,qwen2.5:7b,player2,0.8,40,selfplay_qwen_v2
Q041,U,U.S. colleges,12,uc berkeley,qwen2.5:7b,player2,0.8,40,selfplay_qwen_v2
Q041,U,U.S. colleges,13,uc berkeley,qwen2.5:7b,player2,0.8,40,selfplay_qwen_v2
Q041,U,U.S. colleges,14,university of colorado,qwen2.5:7b,player2,0.8,40,selfplay_qwen_v2
Q041,U,U.S. colleges,15,uc berkeley,qwen2.5:7b,player2,0.8,40,selfplay_qwen_v2
Q041,U,U.S. colleges,16,ucmeredeiselizabeth,qwen2.5:7b,player2,0.8,40,selfplay_qwen_v2
Q041,U,U.S. colleges,17,uc berkeley,qwen2.5:7b,player2,0.8,40,selfplay_qwen_v2
Q041,U,U.S. colleges,18,uc berkeley,qwen2.5:7b,player2,0.8,40,selfplay_qwen_v2
Q041,U,U.S. colleges,19,uc berkeley,qwen2.5:7b,player2,0.8,40,selfplay_qwen_v2
Q042,U,Things in a garage,0,utility pole,qwen2.5:7b,player2,0.8,40,selfplay_qwen_v2
Q042,U,Things in a garage,1,vacuum cleaner,qwen2.5:7b,player2,0.8,40,selfplay_qwen_v2
Q042,U,Things in a garage,2,unicycle,qwen2.5:7b,player2,0.8,40,selfplay_qwen_v2
Q042,U,Things in a garage,3,roller coaster,qwen2.5:7b,player2,0.8,40,selfplay_qwen_v2
Q042,U,Things in a garage,4,tool box,qwen2.5:7b,player2,0.8,40,selfplay_qwen_v2
Q042,U,Things in a garage,5,tool box,qwen2.5:7b,player2,0.8,40,selfplay_qwen_v2
Q042,U,Things in a garage,6,ski,qwen2.5:7b,player2,0.8,40,selfplay_qwen_v2
Q042,U,Things in a garage,7,utility pole,qwen2.5:7b,player2,0.8,40,selfplay_qwen_v2
Q042,U,Things in a garage,8,umbrella,qwen2.5:7b,player2,0.8,40,selfplay_qwen_v2
Q042,U,Things in a garage,9,garage door opener,qwen2.5:7b,player2,0.8,40,selfplay_qwen_v2
Q042,U,Things in a garage,10,utility pole,qwen2.5:7b,player2,0.8,40,selfplay_qwen_v2
Q042,U,Things in a garage,11,tool box,qwen2.5:7b,player2,0.8,40,selfplay_qwen_v2
Q042,U,Things in a garage,12,utility pole,qwen2.5:7b,player2,0.8,40,selfplay_qwen_v2
Q042,U,Things in a garage,13,tool box,qwen2.5:7b,player2,0.8,40,selfplay_qwen_v2
Q042,U,Things in a garage,14,tool box,qwen2.5:7b,player2,0.8,40,selfplay_qwen_v2
Q042,U,Things in a garage,15,tool box,qwen2.5:7b,player2,0.8,40,selfplay_qwen_v2
Q042,U,Things in a garage,16,vacuum cleaner,qwen2.5:7b,player2,0.8,40,selfplay_qwen_v2
Q042,U,Things in a garage,17,tool belt,qwen2.5:7b,player2,0.8,40,selfplay_qwen_v2
Q042,U,Things in a garage,18,snow blower,qwen2.5:7b,player2,0.8,40,selfplay_qwen_v2
Q042,U,Things in a garage,19,snow shovel,qwen2.5:7b,player2,0.8,40,selfplay_qwen_v2
Q043,V,Jobs,0,vineyard manager,qwen2.5:7b,player2,0.8,40,selfplay_qwen_v2
Q043,V,Jobs,1,video editor,qwen2.5:7b,player2,0.8,40,selfplay_qwen_v2
Q043,V,Jobs,2,valet parking,qwen2.5:7b,player2,0.8,40,selfplay_qwen_v2
Q043,V,Jobs,3,valet parking,qwen2.5:7b,player2,0.8,40,selfplay_qwen_v2
Q043,V,Jobs,4,valet parking,qwen2.5:7b,player2,0.8,40,selfplay_qwen_v2
Q043,V,Jobs,5,valet parking,qwen2.5:7b,player2,0.8,40,selfplay_qwen_v2
Q043,V,Jobs,6,veterinarian,qwen2.5:7b,player2,0.8,40,selfplay_qwen_v2
Q043,V,Jobs,7,videographer,qwen2.5:7b,player2,0.8,40,selfplay_qwen_v2
Q043,V,Jobs,8,valet parking,qwen2.5:7b,player2,0.8,40,selfplay_qwen_v2
Q043,V,Jobs,9,valet parking,qwen2.5:7b,player2,0.8,40,selfplay_qwen_v2
Q043,V,Jobs,10,vineyard manager,qwen2.5:7b,player2,0.8,40,selfplay_qwen_v2
Q043,V,Jobs,11,videographer,qwen2.5:7b,player2,0.8,40,selfplay_qwen_v2
Q043,V,Jobs,12,vice versa consultant,qwen2.5:7b,player2,0.8,40,selfplay_qwen_v2
Q043,V,Jobs,13,videographer,qwen2.5:7b,player2,0.8,40,selfplay_qwen_v2
Q043,V,Jobs,14,valet parking,qwen2.5:7b,player2,0.8,40,selfplay_qwen_v2
Q043,V,Jobs,15,video editor,qwen2.5:7b,player2,0.8,40,selfplay_qwen_v2
Q043,V,Jobs,16,valet parking,qwen2.5:7b,player2,0.8,40,selfplay_qwen_v2
Q043,V,Jobs,17,valet parking,qwen2.5:7b,player2,0.8,40,selfplay_qwen_v2
Q043,V,Jobs,18,valet parking,qwen2.5:7b,player2,0.8,40,selfplay_qwen_v2
Q043,V,Jobs,19,valet parking,qwen2.5:7b,player2,0.8,40,selfplay_qwen_v2
Q044,V,Things you wear,0,sneakers,qwen2.5:7b,player2,0.8,40,selfplay_qwen_v2
Q044,V,Things you wear,1,vest,qwen2.5:7b,player2,0.8,40,selfplay_qwen_v2
Q044,V,Things you wear,2,vest,qwen2.5:7b,player2,0.8,40,selfplay_qwen_v2
Q044,V,Things you wear,3,necklace,qwen2.5:7b,player2,0.8,40,selfplay_qwen_v2
Q044,V,Things you wear,4,necklace,qwen2.5:7b,player2,0.8,40,selfplay_qwen_v2
Q044,V,Things you wear,5,necklace,qwen2.5:7b,player2,0.8,40,selfplay_qwen_v2
Q044,V,Things you wear,6,sunglasses,qwen2.5:7b,player2,0.8,40,selfplay_qwen_v2
Q044,V,Things you wear,7,vest,qwen2.5:7b,player2,0.8,40,selfplay_qwen_v2
Q044,V,Things you wear,8,sunglasses,qwen2.5:7b,player2,0.8,40,selfplay_qwen_v2
Q044,V,Things you wear,9,necklace,qwen2.5:7b,player2,0.8,40,selfplay_qwen_v2
Q044,V,Things you wear,10,vest,qwen2.5:7b,player2,0.8,40,selfplay_qwen_v2
Q044,V,Things you wear,11,vest,qwen2.5:7b,player2,0.8,40,selfplay_qwen_v2
Q044,V,Things you wear,12,socks,qwen2.5:7b,player2,0.8,40,selfplay_qwen_v2
Q044,V,Things you wear,13,sneakers,qwen2.5:7b,player2,0.8,40,selfplay_qwen_v2
Q044,V,Things you wear,14,sunglasses,qwen2.5:7b,player2,0.8,40,selfplay_qwen_v2
Q044,V,Things you wear,15,vest,qwen2.5:7b,player2,0.8,40,selfplay_qwen_v2
Q044,V,Things you wear,16,sunglasses,qwen2.5:7b,player2,0.8,40,selfplay_qwen_v2
Q044,V,Things you wear,17,vest,qwen2.5:7b,player2,0.8,40,selfplay_qwen_v2
Q044,V,Things you wear,18,v-neck sweater,qwen2.5:7b,player2,0.8,40,selfplay_qwen_v2
Q044,V,Things you wear,19,vest,qwen2.5:7b,player2,0.8,40,selfplay_qwen_v2
Q045,W,Cities,0,warsaw,qwen2.5:7b,player2,0.8,40,selfplay_qwen_v2
Q045,W,Cities,1,warsaw,qwen2.5:7b,player2,0.8,40,selfplay_qwen_v2
Q045,W,Cities,2,washington d.c.,qwen2.5:7b,player2,0.8,40,selfplay_qwen_v2
Q045,W,Cities,3,winnipeg,qwen2.5:7b,player2,0.8,40,selfplay_qwen_v2
Q045,W,Cities,4,waco,qwen2.5:7b,player2,0.8,40,selfplay_qwen_v2
Q045,W,Cities,5,warsaw,qwen2.5:7b,player2,0.8,40,selfplay_qwen_v2
Q045,W,Cities,6,winnipeg,qwen2.5:7b,player2,0.8,40,selfplay_qwen_v2
Q045,W,Cities,7,winnipeg,qwen2.5:7b,player2,0.8,40,selfplay_qwen_v2
Q045,W,Cities,8,warsaw,qwen2.5:7b,player2,0.8,40,selfplay_qwen_v2
Q045,W,Cities,9,wollongong,qwen2.5:7b,player2,0.8,40,selfplay_qwen_v2
Q045,W,Cities,10,winona,qwen2.5:7b,player2,0.8,40,selfplay_qwen_v2
Q045,W,Cities,11,warsaw,qwen2.5:7b,player2,0.8,40,selfplay_qwen_v2
Q045,W,Cities,12,wollongong,qwen2.5:7b,player2,0.8,40,selfplay_qwen_v2
Q045,W,Cities,13,warsaw,qwen2.5:7b,player2,0.8,40,selfplay_qwen_v2
Q045,W,Cities,14,worcester,qwen2.5:7b,player2,0.8,40,selfplay_qwen_v2
Q045,W,Cities,15,worcester,qwen2.5:7b,player2,0.8,40,selfplay_qwen_v2
Q045,W,Cities,16,windsor,qwen2.5:7b,player2,0.8,40,selfplay_qwen_v2
Q045,W,Cities,17,warsaw,qwen2.5:7b,player2,0.8,40,selfplay_qwen_v2
Q045,W,Cities,18,wuhan,qwen2.5:7b,player2,0.8,40,selfplay_qwen_v2
Q045,W,Cities,19,warsaw,qwen2.5:7b,player2,0.8,40,selfplay_qwen_v2
Q046,W,Things in a park,0,willow,qwen2.5:7b,player2,0.8,40,selfplay_qwen_v2
Q046,W,Things in a park,1,willow,qwen2.5:7b,player2,0.8,40,selfplay_qwen_v2
Q046,W,Things in a park,2,willow,qwen2.5:7b,player2,0.8,40,selfplay_qwen_v2
Q046,W,Things in a park,3,swing set,qwen2.5:7b,player2,0.8,40,selfplay_qwen_v2
Q046,W,Things in a park,4,willow,qwen2.5:7b,player2,0.8,40,selfplay_qwen_v2
Q046,W,Things in a park,5,willow,qwen2.5:7b,player2,0.8,40,selfplay_qwen_v2
Q046,W,Things in a park,6,willow,qwen2.5:7b,player2,0.8,40,selfplay_qwen_v2
Q046,W,Things in a park,7,wristbands,qwen2.5:7b,player2,0.8,40,selfplay_qwen_v2
Q046,W,Things in a park,8,willow,qwen2.5:7b,player2,0.8,40,selfplay_qwen_v2
Q046,W,Things in a park,9,wifi,qwen2.5:7b,player2,0.8,40,selfplay_qwen_v2
Q046,W,Things in a park,10,willow tree,qwen2.5:7b,player2,0.8,40,selfplay_qwen_v2
Q046,W,Things in a park,11,wiggle ropes,qwen2.5:7b,player2,0.8,40,selfplay_qwen_v2
Q046,W,Things in a park,12,wristband,qwen2.5:7b,player2,0.8,40,selfplay_qwen_v2
Q046,W,Things in a park,13,willow,qwen2.5:7b,player2,0.8,40,selfplay_qwen_v2
Q046,W,Things in a park,14,willow,qwen2.5:7b,player2,0.8,40,selfplay_qwen_v2
Q046,W,Things in a park,15,willow,qwen2.5:7b,player2,0.8,40,selfplay_qwen_v2
Q046,W,Things in a park,16,swings,qwen2.5:7b,player2,0.8,40,selfplay_qwen_v2
Q046,W,Things in a park,17,willow,qwen2.5:7b,player2,0.8,40,selfplay_qwen_v2
Q046,W,Things in a park,18,swing set,qwen2.5:7b,player2,0.8,40,selfplay_qwen_v2
Q046,W,Things in a park,19,willow,qwen2.5:7b,player2,0.8,40,selfplay_qwen_v2
Q047,X,Brands,0,xaomi,qwen2.5:7b,player2,0.8,40,selfplay_qwen_v2
Q047,X,Brands,1,xerox,qwen2.5:7b,player2,0.8,40,selfplay_qwen_v2
Q047,X,Brands,2,xerox,qwen2.5:7b,player2,0.8,40,selfplay_qwen_v2
Q047,X,Brands,3,xiaomi,qwen2.5:7b,player2,0.8,40,selfplay_qwen_v2
Q047,X,Brands,4,xbox,qwen2.5:7b,player2,0.8,40,selfplay_qwen_v2
Q047,X,Brands,5,starbucks,qwen2.5:7b,player2,0.8,40,selfplay_qwen_v2
Q047,X,Brands,6,xbox,qwen2.5:7b,player2,0.8,40,selfplay_qwen_v2
Q047,X,Brands,7,xiaomi,qwen2.5:7b,player2,0.8,40,selfplay_qwen_v2
Q047,X,Brands,8,starbucks,qwen2.5:7b,player2,0.8,40,selfplay_qwen_v2
Q047,X,Brands,9,xbox,qwen2.5:7b,player2,0.8,40,selfplay_qwen_v2
Q047,X,Brands,10,xbox,qwen2.5:7b,player2,0.8,40,selfplay_qwen_v2
Q047,X,Brands,11,xiaomi,qwen2.5:7b,player2,0.8,40,selfplay_qwen_v2
Q047,X,Brands,12,xerox,qwen2.5:7b,player2,0.8,40,selfplay_qwen_v2
Q047,X,Brands,13,xiaomi,qwen2.5:7b,player2,0.8,40,selfplay_qwen_v2
Q047,X,Brands,14,max factor,qwen2.5:7b,player2,0.8,40,selfplay_qwen_v2
Q047,X,Brands,15,xiaomi,qwen2.5:7b,player2,0.8,40,selfplay_qwen_v2
Q047,X,Brands,16,xiaomi,qwen2.5:7b,player2,0.8,40,selfplay_qwen_v2
Q047,X,Brands,17,xbox,qwen2.5:7b,player2,0.8,40,selfplay_qwen_v2
Q047,X,Brands,18,xiaomi,qwen2.5:7b,player2,0.8,40,selfplay_qwen_v2
Q047,X,Brands,19,xiaomi,qwen2.5:7b,player2,0.8,40,selfplay_qwen_v2
Q048,X,Words in English,0,xbox,qwen2.5:7b,player2,0.8,40,selfplay_qwen_v2
Q048,X,Words in English,1,xbox,qwen2.5:7b,player2,0.8,40,selfplay_qwen_v2
Q048,X,Words in English,2,xray,qwen2.5:7b,player2,0.8,40,selfplay_qwen_v2
Q048,X,Words in English,3,xmas,qwen2.5:7b,player2,0.8,40,selfplay_qwen_v2
Q048,X,Words in English,4,xbox,qwen2.5:7b,player2,0.8,40,selfplay_qwen_v2
Q048,X,Words in English,5,xerox,qwen2.5:7b,player2,0.8,40,selfplay_qwen_v2
Q048,X,Words in English,6,xerox,qwen2.5:7b,player2,0.8,40,selfplay_qwen_v2
Q048,X,Words in English,7,xerox,qwen2.5:7b,player2,0.8,40,selfplay_qwen_v2
Q048,X,Words in English,8,xbox,qwen2.5:7b,player2,0.8,40,selfplay_qwen_v2
Q048,X,Words in English,9,xray,qwen2.5:7b,player2,0.8,40,selfplay_qwen_v2
Q048,X,Words in English,10,xray,qwen2.5:7b,player2,0.8,40,selfplay_qwen_v2
Q048,X,Words in English,11,xerox,qwen2.5:7b,player2,0.8,40,selfplay_qwen_v2
Q048,X,Words in English,12,xbox,qwen2.5:7b,player2,0.8,40,selfplay_qwen_v2
Q048,X,Words in English,13,xerox,qwen2.5:7b,player2,0.8,40,selfplay_qwen_v2
Q048,X,Words in English,14,xmas party,qwen2.5:7b,player2,0.8,40,selfplay_qwen_v2
Q048,X,Words in English,15,xbox,qwen2.5:7b,player2,0.8,40,selfplay_qwen_v2
Q048,X,Words in English,16,xbox,qwen2.5:7b,player2,0.8,40,selfplay_qwen_v2
Q048,X,Words in English,17,xbox,qwen2.5:7b,player2,0.8,40,selfplay_qwen_v2
Q048,X,Words in English,18,xbox,qwen2.5:7b,player2,0.8,40,selfplay_qwen_v2
Q048,X,Words in English,19,xray,qwen2.5:7b,player2,0.8,40,selfplay_qwen_v2
Q049,Y,Foods,0,yogurt,qwen2.5:7b,player2,0.8,40,selfplay_qwen_v2
Q049,Y,Foods,1,yogurt,qwen2.5:7b,player2,0.8,40,selfplay_qwen_v2
Q049,Y,Foods,2,yogurt,qwen2.5:7b,player2,0.8,40,selfplay_qwen_v2
Q049,Y,Foods,3,yogurt,qwen2.5:7b,player2,0.8,40,selfplay_qwen_v2
Q049,Y,Foods,4,yogurt,qwen2.5:7b,player2,0.8,40,selfplay_qwen_v2
Q049,Y,Foods,5,yogurt,qwen2.5:7b,player2,0.8,40,selfplay_qwen_v2
Q049,Y,Foods,6,yogurt,qwen2.5:7b,player2,0.8,40,selfplay_qwen_v2
Q049,Y,Foods,7,yogurt,qwen2.5:7b,player2,0.8,40,selfplay_qwen_v2
Q049,Y,Foods,8,yogurt,qwen2.5:7b,player2,0.8,40,selfplay_qwen_v2
Q049,Y,Foods,9,yogurt,qwen2.5:7b,player2,0.8,40,selfplay_qwen_v2
Q049,Y,Foods,10,yogurt,qwen2.5:7b,player2,0.8,40,selfplay_qwen_v2
Q049,Y,Foods,11,yogurt,qwen2.5:7b,player2,0.8,40,selfplay_qwen_v2
Q049,Y,Foods,12,yogurt,qwen2.5:7b,player2,0.8,40,selfplay_qwen_v2
Q049,Y,Foods,13,yogurt,qwen2.5:7b,player2,0.8,40,selfplay_qwen_v2
Q049,Y,Foods,14,yogurt,qwen2.5:7b,player2,0.8,40,selfplay_qwen_v2
Q049,Y,Foods,15,yogurt,qwen2.5:7b,player2,0.8,40,selfplay_qwen_v2
Q049,Y,Foods,16,yogurt,qwen2.5:7b,player2,0.8,40,selfplay_qwen_v2
Q049,Y,Foods,17,yogurt,qwen2.5:7b,player2,0.8,40,selfplay_qwen_v2
Q049,Y,Foods,18,yogurt,qwen2.5:7b,player2,0.8,40,selfplay_qwen_v2
Q049,Y,Foods,19,yogurt,qwen2.5:7b,player2,0.8,40,selfplay_qwen_v2
Q050,Y,Things at a party,0,champagne,qwen2.5:7b,player2,0.8,40,selfplay_qwen_v2
Q050,Y,Things at a party,1,yummy snack,qwen2.5:7b,player2,0.8,40,selfplay_qwen_v2
Q050,Y,Things at a party,2,yacht,qwen2.5:7b,player2,0.8,40,selfplay_qwen_v2
Q050,Y,Things at a party,3,yacht party,qwen2.5:7b,player2,0.8,40,selfplay_qwen_v2
Q050,Y,Things at a party,4,yacht party,qwen2.5:7b,player2,0.8,40,selfplay_qwen_v2
Q050,Y,Things at a party,5,popcorn,qwen2.5:7b,player2,0.8,40,selfplay_qwen_v2
Q050,Y,Things at a party,6,yacht party,qwen2.5:7b,player2,0.8,40,selfplay_qwen_v2
Q050,Y,Things at a party,7,yacht party,qwen2.5:7b,player2,0.8,40,selfplay_qwen_v2
Q050,Y,Things at a party,8,confetti,qwen2.5:7b,player2,0.8,40,selfplay_qwen_v2
Q050,Y,Things at a party,9,photo booth,qwen2.5:7b,player2,0.8,40,selfplay_qwen_v2
Q050,Y,Things at a party,10,yummy snack,qwen2.5:7b,player2,0.8,40,selfplay_qwen_v2
Q050,Y,Things at a party,11,yacht party,qwen2.5:7b,player2,0.8,40,selfplay_qwen_v2
Q050,Y,Things at a party,12,disco ball,qwen2.5:7b,player2,0.8,40,selfplay_qwen_v2
Q050,Y,Things at a party,13,yacht party,qwen2.5:7b,player2,0.8,40,selfplay_qwen_v2
Q050,Y,Things at a party,14,yacht party,qwen2.5:7b,player2,0.8,40,selfplay_qwen_v2
Q050,Y,Things at a party,15,dance floor,qwen2.5:7b,player2,0.8,40,selfplay_qwen_v2
Q050,Y,Things at a party,16,yacht party,qwen2.5:7b,player2,0.8,40,selfplay_qwen_v2
Q050,Y,Things at a party,17,yacht,qwen2.5:7b,player2,0.8,40,selfplay_qwen_v2
Q050,Y,Things at a party,18,birthday hats,qwen2.5:7b,player2,0.8,40,selfplay_qwen_v2
Q050,Y,Things at a party,19,yacht party,qwen2.5:7b,player2,0.8,40,selfplay_qwen_v2
Q051,Z,Animals,0,zebra,qwen2.5:7b,player2,0.8,40,selfplay_qwen_v2
Q051,Z,Animals,1,zebra,qwen2.5:7b,player2,0.8,40,selfplay_qwen_v2
Q051,Z,Animals,2,zoo keeper,qwen2.5:7b,player2,0.8,40,selfplay_qwen_v2
Q051,Z,Animals,3,zebra,qwen2.5:7b,player2,0.8,40,selfplay_qwen_v2
Q051,Z,Animals,4,zorse,qwen2.5:7b,player2,0.8,40,selfplay_qwen_v2
Q051,Z,Animals,5,zebra,qwen2.5:7b,player2,0.8,40,selfplay_qwen_v2
Q051,Z,Animals,6,zebra,qwen2.5:7b,player2,0.8,40,selfplay_qwen_v2
Q051,Z,Animals,7,zebra,qwen2.5:7b,player2,0.8,40,selfplay_qwen_v2
Q051,Z,Animals,8,zebra,qwen2.5:7b,player2,0.8,40,selfplay_qwen_v2
Q051,Z,Animals,9,zebra,qwen2.5:7b,player2,0.8,40,selfplay_qwen_v2
Q051,Z,Animals,10,zebra,qwen2.5:7b,player2,0.8,40,selfplay_qwen_v2
Q051,Z,Animals,11,zebra,qwen2.5:7b,player2,0.8,40,selfplay_qwen_v2
Q051,Z,Animals,12,zorse,qwen2.5:7b,player2,0.8,40,selfplay_qwen_v2
Q051,Z,Animals,13,zebra,qwen2.5:7b,player2,0.8,40,selfplay_qwen_v2
Q051,Z,Animals,14,zoo snake,qwen2.5:7b,player2,0.8,40,selfplay_qwen_v2
Q051,Z,Animals,15,zebra,qwen2.5:7b,player2,0.8,40,selfplay_qwen_v2
Q051,Z,Animals,16,zebra,qwen2.5:7b,player2,0.8,40,selfplay_qwen_v2
Q051,Z,Animals,17,zebra,qwen2.5:7b,player2,0.8,40,selfplay_qwen_v2
Q051,Z,Animals,18,zebra,qwen2.5:7b,player2,0.8,40,selfplay_qwen_v2
Q051,Z,Animals,19,zebra,qwen2.5:7b,player2,0.8,40,selfplay_qwen_v2
Q052,Z,Things in a zoo,0,zebra,qwen2.5:7b,player2,0.8,40,selfplay_qwen_v2
Q052,Z,Things in a zoo,1,zebra,qwen2.5:7b,player2,0.8,40,selfplay_qwen_v2
Q052,Z,Things in a zoo,2,zebra,qwen2.5:7b,player2,0.8,40,selfplay_qwen_v2
Q052,Z,Things in a zoo,3,zebra,qwen2.5:7b,player2,0.8,40,selfplay_qwen_v2
Q052,Z,Things in a zoo,4,zebra,qwen2.5:7b,player2,0.8,40,selfplay_qwen_v2
Q052,Z,Things in a zoo,5,zebra,qwen2.5:7b,player2,0.8,40,selfplay_qwen_v2
Q052,Z,Things in a zoo,6,zebra,qwen2.5:7b,player2,0.8,40,selfplay_qwen_v2
Q052,Z,Things in a zoo,7,zebra,qwen2.5:7b,player2,0.8,40,selfplay_qwen_v2
Q052,Z,Things in a zoo,8,zebra,qwen2.5:7b,player2,0.8,40,selfplay_qwen_v2
Q052,Z,Things in a zoo,9,zebra,qwen2.5:7b,player2,0.8,40,selfplay_qwen_v2
Q052,Z,Things in a zoo,10,zebra,qwen2.5:7b,player2,0.8,40,selfplay_qwen_v2
Q052,Z,Things in a zoo,11,zebra,qwen2.5:7b,player2,0.8,40,selfplay_qwen_v2
Q052,Z,Things in a zoo,12,zebra,qwen2.5:7b,player2,0.8,40,selfplay_qwen_v2
Q052,Z,Things in a zoo,13,zebra,qwen2.5:7b,player2,0.8,40,selfplay_qwen_v2
Q052,Z,Things in a zoo,14,zebra,qwen2.5:7b,player2,0.8,40,selfplay_qwen_v2
Q052,Z,Things in a zoo,15,zebra,qwen2.5:7b,player2,0.8,40,selfplay_qwen_v2
Q052,Z,Things in a zoo,16,zebra,qwen2.5:7b,player2,0.8,40,selfplay_qwen_v2
Q052,Z,Things in a zoo,17,zebra,qwen2.5:7b,player2,0.8,40,selfplay_qwen_v2
Q052,Z,Things in a zoo,18,zebra enclosure,qwen2.5:7b,player2,0.8,40,selfplay_qwen_v2
Q052,Z,Things in a zoo,19,zebra,qwen2.5:7b,player2,0.8,40,selfplay_qwen_v2
Q053,A,Things in a kitchen,0,pancake,qwen2.5:7b,player2,0.8,40,selfplay_qwen_v2
Q053,A,Things in a kitchen,1,pancake mix,qwen2.5:7b,player2,0.8,40,selfplay_qwen_v2
Q053,A,Things in a kitchen,2,microwave oven,qwen2.5:7b,player2,0.8,40,selfplay_qwen_v2
Q053,A,Things in a kitchen,3,spatula,qwen2.5:7b,player2,0.8,40,selfplay_qwen_v2
Q053,A,Things in a kitchen,4,toaster,qwen2.5:7b,player2,0.8,40,selfplay_qwen_v2
Q053,A,Things in a kitchen,5,pancake mix,qwen2.5:7b,player2,0.8,40,selfplay_qwen_v2
Q053,A,Things in a kitchen,6,pancake,qwen2.5:7b,player2,0.8,40,selfplay_qwen_v2
Q053,A,Things in a kitchen,7,spatula,qwen2.5:7b,player2,0.8,40,selfplay_qwen_v2
Q053,A,Things in a kitchen,8,microwave,qwen2.5:7b,player2,0.8,40,selfplay_qwen_v2
Q053,A,Things in a kitchen,9,pancake mix,qwen2.5:7b,player2,0.8,40,selfplay_qwen_v2
Q053,A,Things in a kitchen,10,microwave,qwen2.5:7b,player2,0.8,40,selfplay_qwen_v2
Q053,A,Things in a kitchen,11,pancake,qwen2.5:7b,player2,0.8,40,selfplay_qwen_v2
Q053,A,Things in a kitchen,12,spatula,qwen2.5:7b,player2,0.8,40,selfplay_qwen_v2
Q053,A,Things in a kitchen,13,toaster,qwen2.5:7b,player2,0.8,40,selfplay_qwen_v2
Q053,A,Things in a kitchen,14,pancake mix,qwen2.5:7b,player2,0.8,40,selfplay_qwen_v2
Q053,A,Things in a kitchen,15,pancake mix,qwen2.5:7b,player2,0.8,40,selfplay_qwen_v2
Q053,A,Things in a kitchen,16,pancake,qwen2.5:7b,player2,0.8,40,selfplay_qwen_v2
Q053,A,Things in a kitchen,17,pancake,qwen2.5:7b,player2,0.8,40,selfplay_qwen_v2
Q053,A,Things in a kitchen,18,pancake mix,qwen2.5:7b,player2,0.8,40,selfplay_qwen_v2
Q053,A,Things in a kitchen,19,spatula,qwen2.5:7b,player2,0.8,40,selfplay_qwen_v2
Q054,B,Singers,0,bruno mars,qwen2.5:7b,player2,0.8,40,selfplay_qwen_v2
Q054,B,Singers,1,brandy singer,qwen2.5:7b,player2,0.8,40,selfplay_qwen_v2
Q054,B,Singers,2,bruno mars,qwen2.5:7b,player2,0.8,40,selfplay_qwen_v2
Q054,B,Singers,3,beyoncé,qwen2.5:7b,player2,0.8,40,selfplay_qwen_v2
Q054,B,Singers,4,bonnie tyler,qwen2.5:7b,player2,0.8,40,selfplay_qwen_v2
Q054,B,Singers,5,beyoncé,qwen2.5:7b,player2,0.8,40,selfplay_qwen_v2
Q054,B,Singers,6,brandy singer,qwen2.5:7b,player2,0.8,40,selfplay_qwen_v2
Q054,B,Singers,7,brandy nugent,qwen2.5:7b,player2,0.8,40,selfplay_qwen_v2
Q054,B,Singers,8,beyoncé,qwen2.5:7b,player2,0.8,40,selfplay_qwen_v2
Q054,B,Singers,9,beyoncé,qwen2.5:7b,player2,0.8,40,selfplay_qwen_v2
Q054,B,Singers,10,beyoncé,qwen2.5:7b,player2,0.8,40,selfplay_qwen_v2
Q054,B,Singers,11,britney spears,qwen2.5:7b,player2,0.8,40,selfplay_qwen_v2
Q054,B,Singers,12,backstreet boys,qwen2.5:7b,player2,0.8,40,selfplay_qwen_v2
Q054,B,Singers,13,bon jovi,qwen2.5:7b,player2,0.8,40,selfplay_qwen_v2
Q054,B,Singers,14,brandy singer,qwen2.5:7b,player2,0.8,40,selfplay_qwen_v2
Q054,B,Singers,15,backstreet boys,qwen2.5:7b,player2,0.8,40,selfplay_qwen_v2
Q054,B,Singers,16,brandy nugent,qwen2.5:7b,player2,0.8,40,selfplay_qwen_v2
Q054,B,Singers,17,backstreet boys,qwen2.5:7b,player2,0.8,40,selfplay_qwen_v2
Q054,B,Singers,18,brandy singer,qwen2.5:7b,player2,0.8,40,selfplay_qwen_v2
Q054,B,Singers,19,britney spears,qwen2.5:7b,player2,0.8,40,selfplay_qwen_v2
Q055,C,Desserts,0,chocolate cake,qwen2.5:7b,player2,0.8,40,selfplay_qwen_v2
Q055,C,Desserts,1,churros,qwen2.5:7b,player2,0.8,40,selfplay_qwen_v2
Q055,C,Desserts,2,chocolate cake,qwen2.5:7b,player2,0.8,40,selfplay_qwen_v2
Q055,C,Desserts,3,churros,qwen2.5:7b,player2,0.8,40,selfplay_qwen_v2
Q055,C,Desserts,4,chocolate cake,qwen2.5:7b,player2,0.8,40,selfplay_qwen_v2
Q055,C,Desserts,5,churros,qwen2.5:7b,player2,0.8,40,selfplay_qwen_v2
Q055,C,Desserts,6,churros,qwen2.5:7b,player2,0.8,40,selfplay_qwen_v2
Q055,C,Desserts,7,chocolate cake,qwen2.5:7b,player2,0.8,40,selfplay_qwen_v2
Q055,C,Desserts,8,chocolate cake,qwen2.5:7b,player2,0.8,40,selfplay_qwen_v2
Q055,C,Desserts,9,chocolate cake,qwen2.5:7b,player2,0.8,40,selfplay_qwen_v2
Q055,C,Desserts,10,chocolate cake,qwen2.5:7b,player2,0.8,40,selfplay_qwen_v2
Q055,C,Desserts,11,churros,qwen2.5:7b,player2,0.8,40,selfplay_qwen_v2
Q055,C,Desserts,12,churros,qwen2.5:7b,player2,0.8,40,selfplay_qwen_v2
Q055,C,Desserts,13,chocolate cake,qwen2.5:7b,player2,0.8,40,selfplay_qwen_v2
Q055,C,Desserts,14,chocolate cake,qwen2.5:7b,player2,0.8,40,selfplay_qwen_v2
Q055,C,Desserts,15,chocolate cake,qwen2.5:7b,player2,0.8,40,selfplay_qwen_v2
Q055,C,Desserts,16,churros,qwen2.5:7b,player2,0.8,40,selfplay_qwen_v2
Q055,C,Desserts,17,churros,qwen2.5:7b,player2,0.8,40,selfplay_qwen_v2
Q055,C,Desserts,18,churros,qwen2.5:7b,player2,0.8,40,selfplay_qwen_v2
Q055,C,Desserts,19,chocolate cake,qwen2.5:7b,player2,0.8,40,selfplay_qwen_v2
Q056,D,Plants,0,daisy,qwen2.5:7b,player2,0.8,40,selfplay_qwen_v2
Q056,D,Plants,1,daisy,qwen2.5:7b,player2,0.8,40,selfplay_qwen_v2
Q056,D,Plants,2,dahlia,qwen2.5:7b,player2,0.8,40,selfplay_qwen_v2
Q056,D,Plants,3,dahlia,qwen2.5:7b,player2,0.8,40,selfplay_qwen_v2
Q056,D,Plants,4,daisy,qwen2.5:7b,player2,0.8,40,selfplay_qwen_v2
Q056,D,Plants,5,dahlia,qwen2.5:7b,player2,0.8,40,selfplay_qwen_v2
Q056,D,Plants,6,daisy,qwen2.5:7b,player2,0.8,40,selfplay_qwen_v2
Q056,D,Plants,7,dahlia,qwen2.5:7b,player2,0.8,40,selfplay_qwen_v2
Q056,D,Plants,8,orchid,qwen2.5:7b,player2,0.8,40,selfplay_qwen_v2
Q056,D,Plants,9,daisy,qwen2.5:7b,player2,0.8,40,selfplay_qwen_v2
Q056,D,Plants,10,daisy,qwen2.5:7b,player2,0.8,40,selfplay_qwen_v2
Q056,D,Plants,11,dahlia,qwen2.5:7b,player2,0.8,40,selfplay_qwen_v2
Q056,D,Plants,12,daisy,qwen2.5:7b,player2,0.8,40,selfplay_qwen_v2
Q056,D,Plants,13,daisy,qwen2.5:7b,player2,0.8,40,selfplay_qwen_v2
Q056,D,Plants,14,daisy,qwen2.5:7b,player2,0.8,40,selfplay_qwen_v2
Q056,D,Plants,15,dahlia,qwen2.5:7b,player2,0.8,40,selfplay_qwen_v2
Q056,D,Plants,16,daisy,qwen2.5:7b,player2,0.8,40,selfplay_qwen_v2
Q056,D,Plants,17,daisy,qwen2.5:7b,player2,0.8,40,selfplay_qwen_v2
Q056,D,Plants,18,daisy,qwen2.5:7b,player2,0.8,40,selfplay_qwen_v2
Q056,D,Plants,19,daisy,qwen2.5:7b,player2,0.8,40,selfplay_qwen_v2
Q057,E,Companies,0,ebay,qwen2.5:7b,player2,0.8,40,selfplay_qwen_v2
Q057,E,Companies,1,ebay,qwen2.5:7b,player2,0.8,40,selfplay_qwen_v2
Q057,E,Companies,2,ebay,qwen2.5:7b,player2,0.8,40,selfplay_qwen_v2
Q057,E,Companies,3,ebay,qwen2.5:7b,player2,0.8,40,selfplay_qwen_v2
Q057,E,Companies,4,economex,qwen2.5:7b,player2,0.8,40,selfplay_qwen_v2
Q057,E,Companies,5,ebay,qwen2.5:7b,player2,0.8,40,selfplay_qwen_v2
Q057,E,Companies,6,ebay,qwen2.5:7b,player2,0.8,40,selfplay_qwen_v2
Q057,E,Companies,7,eBay,qwen2.5:7b,player2,0.8,40,selfplay_qwen_v2
Q057,E,Companies,8,ebay,qwen2.5:7b,player2,0.8,40,selfplay_qwen_v2
Q057,E,Companies,9,ebay,qwen2.5:7b,player2,0.8,40,selfplay_qwen_v2
Q057,E,Companies,10,e bay,qwen2.5:7b,player2,0.8,40,selfplay_qwen_v2
Q057,E,Companies,11,ebay,qwen2.5:7b,player2,0.8,40,selfplay_qwen_v2
Q057,E,Companies,12,ebay,qwen2.5:7b,player2,0.8,40,selfplay_qwen_v2
Q057,E,Companies,13,ebay,qwen2.5:7b,player2,0.8,40,selfplay_qwen_v2
Q057,E,Companies,14,ebay,qwen2.5:7b,player2,0.8,40,selfplay_qwen_v2
Q057,E,Companies,15,eBay,qwen2.5:7b,player2,0.8,40,selfplay_qwen_v2
Q057,E,Companies,16,eBay,qwen2.5:7b,player2,0.8,40,selfplay_qwen_v2
Q057,E,Companies,17,ebay,qwen2.5:7b,player2,0.8,40,selfplay_qwen_v2
Q057,E,Companies,18,e-commerce,qwen2.5:7b,player2,0.8,40,selfplay_qwen_v2
Q057,E,Companies,19,eastman kobold,qwen2.5:7b,player2,0.8,40,selfplay_qwen_v2
Q058,F,Movie characters,0,fred flintstone,qwen2.5:7b,player2,0.8,40,selfplay_qwen_v2
Q058,F,Movie characters,1,forrest gump,qwen2.5:7b,player2,0.8,40,selfplay_qwen_v2
Q058,F,Movie characters,2,fred flintstone,qwen2.5:7b,player2,0.8,40,selfplay_qwen_v2
Q058,F,Movie characters,3,fagin,qwen2.5:7b,player2,0.8,40,selfplay_qwen_v2
Q058,F,Movie characters,4,forrest gump,qwen2.5:7b,player2,0.8,40,selfplay_qwen_v2
Q058,F,Movie characters,5,fred flintstone,qwen2.5:7b,player2,0.8,40,selfplay_qwen_v2
Q058,F,Movie characters,6,forrest gump,qwen2.5:7b,player2,0.8,40,selfplay_qwen_v2
Q058,F,Movie characters,7,fred flintstone,qwen2.5:7b,player2,0.8,40,selfplay_qwen_v2
Q058,F,Movie characters,8,fred flintstone,qwen2.5:7b,player2,0.8,40,selfplay_qwen_v2
Q058,F,Movie characters,9,fred flintstone,qwen2.5:7b,player2,0.8,40,selfplay_qwen_v2
Q058,F,Movie characters,10,forrest gump,qwen2.5:7b,player2,0.8,40,selfplay_qwen_v2
Q058,F,Movie characters,11,frodo baggins,qwen2.5:7b,player2,0.8,40,selfplay_qwen_v2
Q058,F,Movie characters,12,frodo baggins,qwen2.5:7b,player2,0.8,40,selfplay_qwen_v2
Q058,F,Movie characters,13,forrest gump,qwen2.5:7b,player2,0.8,40,selfplay_qwen_v2
Q058,F,Movie characters,14,friday,qwen2.5:7b,player2,0.8,40,selfplay_qwen_v2
Q058,F,Movie characters,15,forrest gump,qwen2.5:7b,player2,0.8,40,selfplay_qwen_v2
Q058,F,Movie characters,16,fred flintstone,qwen2.5:7b,player2,0.8,40,selfplay_qwen_v2
Q058,F,Movie characters,17,frodo baskin,qwen2.5:7b,player2,0.8,40,selfplay_qwen_v2
Q058,F,Movie characters,18,fred flintstone,qwen2.5:7b,player2,0.8,40,selfplay_qwen_v2
Q058,F,Movie characters,19,forrest gump,qwen2.5:7b,player2,0.8,40,selfplay_qwen_v2
Q059,G,Things in a toolbox,0,hammer,qwen2.5:7b,player2,0.8,40,selfplay_qwen_v2
Q059,G,Things in a toolbox,1,hammer,qwen2.5:7b,player2,0.8,40,selfplay_qwen_v2
Q059,G,Things in a toolbox,2,hammer,qwen2.5:7b,player2,0.8,40,selfplay_qwen_v2
Q059,G,Things in a toolbox,3,hammer,qwen2.5:7b,player2,0.8,40,selfplay_qwen_v2
Q059,G,Things in a toolbox,4,hammer,qwen2.5:7b,player2,0.8,40,selfplay_qwen_v2
Q059,G,Things in a toolbox,5,hammer,qwen2.5:7b,player2,0.8,40,selfplay_qwen_v2
Q059,G,Things in a toolbox,6,hammer,qwen2.5:7b,player2,0.8,40,selfplay_qwen_v2
Q059,G,Things in a toolbox,7,hammer,qwen2.5:7b,player2,0.8,40,selfplay_qwen_v2
Q059,G,Things in a toolbox,8,hammer,qwen2.5:7b,player2,0.8,40,selfplay_qwen_v2
Q059,G,Things in a toolbox,9,hammer,qwen2.5:7b,player2,0.8,40,selfplay_qwen_v2
Q059,G,Things in a toolbox,10,hammer,qwen2.5:7b,player2,0.8,40,selfplay_qwen_v2
Q059,G,Things in a toolbox,11,hammer gun drill,qwen2.5:7b,player2,0.8,40,selfplay_qwen_v2
Q059,G,Things in a toolbox,12,hammer,qwen2.5:7b,player2,0.8,40,selfplay_qwen_v2
Q059,G,Things in a toolbox,13,hammer,qwen2.5:7b,player2,0.8,40,selfplay_qwen_v2
Q059,G,Things in a toolbox,14,hammer,qwen2.5:7b,player2,0.8,40,selfplay_qwen_v2
Q059,G,Things in a toolbox,15,hammer,qwen2.5:7b,player2,0.8,40,selfplay_qwen_v2
Q059,G,Things in a toolbox,16,hammer,qwen2.5:7b,player2,0.8,40,selfplay_qwen_v2
Q059,G,Things in a toolbox,17,hammer,qwen2.5:7b,player2,0.8,40,selfplay_qwen_v2
Q059,G,Things in a toolbox,18,hammer,qwen2.5:7b,player2,0.8,40,selfplay_qwen_v2
Q059,G,Things in a toolbox,19,hammer,qwen2.5:7b,player2,0.8,40,selfplay_qwen_v2
Q060,H,Countries,0,haiti,qwen2.5:7b,player2,0.8,40,selfplay_qwen_v2
Q060,H,Countries,1,haiti,qwen2.5:7b,player2,0.8,40,selfplay_qwen_v2
Q060,H,Countries,2,honduras,qwen2.5:7b,player2,0.8,40,selfplay_qwen_v2
Q060,H,Countries,3,haiti,qwen2.5:7b,player2,0.8,40,selfplay_qwen_v2
Q060,H,Countries,4,haiti,qwen2.5:7b,player2,0.8,40,selfplay_qwen_v2
Q060,H,Countries,5,honduras,qwen2.5:7b,player2,0.8,40,selfplay_qwen_v2
Q060,H,Countries,6,haiti,qwen2.5:7b,player2,0.8,40,selfplay_qwen_v2
Q060,H,Countries,7,haiti,qwen2.5:7b,player2,0.8,40,selfplay_qwen_v2
Q060,H,Countries,8,hungary,qwen2.5:7b,player2,0.8,40,selfplay_qwen_v2
Q060,H,Countries,9,hong kong,qwen2.5:7b,player2,0.8,40,selfplay_qwen_v2
Q060,H,Countries,10,honduras,qwen2.5:7b,player2,0.8,40,selfplay_qwen_v2
Q060,H,Countries,11,hungary,qwen2.5:7b,player2,0.8,40,selfplay_qwen_v2
Q060,H,Countries,12,honduras,qwen2.5:7b,player2,0.8,40,selfplay_qwen_v2
Q060,H,Countries,13,haiti,qwen2.5:7b,player2,0.8,40,selfplay_qwen_v2
Q060,H,Countries,14,honduras,qwen2.5:7b,player2,0.8,40,selfplay_qwen_v2
Q060,H,Countries,15,hungary,qwen2.5:7b,player2,0.8,40,selfplay_qwen_v2
Q060,H,Countries,16,haiti,qwen2.5:7b,player2,0.8,40,selfplay_qwen_v2
Q060,H,Countries,17,hungary,qwen2.5:7b,player2,0.8,40,selfplay_qwen_v2
Q060,H,Countries,18,honduras,qwen2.5:7b,player2,0.8,40,selfplay_qwen_v2
Q060,H,Countries,19,honduras,qwen2.5:7b,player2,0.8,40,selfplay_qwen_v2
Q061,I,Musical artists,0,iron maiden,qwen2.5:7b,player2,0.8,40,selfplay_qwen_v2
Q061,I,Musical artists,1,iron maiden,qwen2.5:7b,player2,0.8,40,selfplay_qwen_v2
Q061,I,Musical artists,2,iron maiden,qwen2.5:7b,player2,0.8,40,selfplay_qwen_v2
Q061,I,Musical artists,3,ironic izzy,qwen2.5:7b,player2,0.8,40,selfplay_qwen_v2
Q061,I,Musical artists,4,iron maiden,qwen2.5:7b,player2,0.8,40,selfplay_qwen_v2
Q061,I,Musical artists,5,ironic isolettes,qwen2.5:7b,player2,0.8,40,selfplay_qwen_v2
Q061,I,Musical artists,6,iron maiden,qwen2.5:7b,player2,0.8,40,selfplay_qwen_v2
Q061,I,Musical artists,7,ironic iggy,qwen2.5:7b,player2,0.8,40,selfplay_qwen_v2
Q061,I,Musical artists,8,iron maiden,qwen2.5:7b,player2,0.8,40,selfplay_qwen_v2
Q061,I,Musical artists,9,ironic isolette,qwen2.5:7b,player2,0.8,40,selfplay_qwen_v2
Q061,I,Musical artists,10,iron maiden,qwen2.5:7b,player2,0.8,40,selfplay_qwen_v2
Q061,I,Musical artists,11,ironic deaths,qwen2.5:7b,player2,0.8,40,selfplay_qwen_v2
Q061,I,Musical artists,12,iron maiden,qwen2.5:7b,player2,0.8,40,selfplay_qwen_v2
Q061,I,Musical artists,13,ironic alice cooper,qwen2.5:7b,player2,0.8,40,selfplay_qwen_v2
Q061,I,Musical artists,14,ironic brothers,qwen2.5:7b,player2,0.8,40,selfplay_qwen_v2
Q061,I,Musical artists,15,ironic iggots,qwen2.5:7b,player2,0.8,40,selfplay_qwen_v2
Q061,I,Musical artists,16,ironic brothers,qwen2.5:7b,player2,0.8,40,selfplay_qwen_v2
Q061,I,Musical artists,17,iron maiden,qwen2.5:7b,player2,0.8,40,selfplay_qwen_v2
Q061,I,Musical artists,18,ironic iggy,qwen2.5:7b,player2,0.8,40,selfplay_qwen_v2
Q061,I,Musical artists,19,ironic igguls,qwen2.5:7b,player2,0.8,40,selfplay_qwen_v2
Q062,J,Things in a refrigerator,0,juice,qwen2.5:7b,player2,0.8,40,selfplay_qwen_v2
Q062,J,Things in a refrigerator,1,juice,qwen2.5:7b,player2,0.8,40,selfplay_qwen_v2
Q062,J,Things in a refrigerator,2,jam,qwen2.5:7b,player2,0.8,40,selfplay_qwen_v2
Q062,J,Things in a refrigerator,3,jam,qwen2.5:7b,player2,0.8,40,selfplay_qwen_v2
Q062,J,Things in a refrigerator,4,juice,qwen2.5:7b,player2,0.8,40,selfplay_qwen_v2
Q062,J,Things in a refrigerator,5,jam jars,qwen2.5:7b,player2,0.8,40,selfplay_qwen_v2
Q062,J,Things in a refrigerator,6,juice,qwen2.5:7b,player2,0.8,40,selfplay_qwen_v2
Q062,J,Things in a refrigerator,7,juice,qwen2.5:7b,player2,0.8,40,selfplay_qwen_v2
Q062,J,Things in a refrigerator,8,jam,qwen2.5:7b,player2,0.8,40,selfplay_qwen_v2
Q062,J,Things in a refrigerator,9,juice,qwen2.5:7b,player2,0.8,40,selfplay_qwen_v2
Q062,J,Things in a refrigerator,10,jam,qwen2.5:7b,player2,0.8,40,selfplay_qwen_v2
Q062,J,Things in a refrigerator,11,jam,qwen2.5:7b,player2,0.8,40,selfplay_qwen_v2
Q062,J,Things in a refrigerator,12,jam,qwen2.5:7b,player2,0.8,40,selfplay_qwen_v2
Q062,J,Things in a refrigerator,13,jam,qwen2.5:7b,player2,0.8,40,selfplay_qwen_v2
Q062,J,Things in a refrigerator,14,juice,qwen2.5:7b,player2,0.8,40,selfplay_qwen_v2
Q062,J,Things in a refrigerator,15,juice,qwen2.5:7b,player2,0.8,40,selfplay_qwen_v2
Q062,J,Things in a refrigerator,16,jelly,qwen2.5:7b,player2,0.8,40,selfplay_qwen_v2
Q062,J,Things in a refrigerator,17,juice,qwen2.5:7b,player2,0.8,40,selfplay_qwen_v2
Q062,J,Things in a refrigerator,18,juice,qwen2.5:7b,player2,0.8,40,selfplay_qwen_v2
Q062,J,Things in a refrigerator,19,juice,qwen2.5:7b,player2,0.8,40,selfplay_qwen_v2
Q063,K,Cities,0,knoxville,qwen2.5:7b,player2,0.8,40,selfplay_qwen_v2
Q063,K,Cities,1,kitchener,qwen2.5:7b,player2,0.8,40,selfplay_qwen_v2
Q063,K,Cities,2,kayaking,qwen2.5:7b,player2,0.8,40,selfplay_qwen_v2
Q063,K,Cities,3,knoxville,qwen2.5:7b,player2,0.8,40,selfplay_qwen_v2
Q063,K,Cities,4,kingston,qwen2.5:7b,player2,0.8,40,selfplay_qwen_v2
Q063,K,Cities,5,kitchener,qwen2.5:7b,player2,0.8,40,selfplay_qwen_v2
Q063,K,Cities,6,kuala lumpur,qwen2.5:7b,player2,0.8,40,selfplay_qwen_v2
Q063,K,Cities,7,kitchener,qwen2.5:7b,player2,0.8,40,selfplay_qwen_v2
Q063,K,Cities,8,kioto,qwen2.5:7b,player2,0.8,40,selfplay_qwen_v2
Q063,K,Cities,9,knoxville,qwen2.5:7b,player2,0.8,40,selfplay_qwen_v2
Q063,K,Cities,10,kansas city,qwen2.5:7b,player2,0.8,40,selfplay_qwen_v2
Q063,K,Cities,11,kioto,qwen2.5:7b,player2,0.8,40,selfplay_qwen_v2
Q063,K,Cities,12,kitchener,qwen2.5:7b,player2,0.8,40,selfplay_qwen_v2
Q063,K,Cities,13,kirovograd,qwen2.5:7b,player2,0.8,40,selfplay_qwen_v2
Q063,K,Cities,14,knoxville,qwen2.5:7b,player2,0.8,40,selfplay_qwen_v2
Q063,K,Cities,15,kiel,qwen2.5:7b,player2,0.8,40,selfplay_qwen_v2
Q063,K,Cities,16,kiel,qwen2.5:7b,player2,0.8,40,selfplay_qwen_v2
Q063,K,Cities,17,kingston,qwen2.5:7b,player2,0.8,40,selfplay_qwen_v2
Q063,K,Cities,18,knoxville,qwen2.5:7b,player2,0.8,40,selfplay_qwen_v2
Q063,K,Cities,19,knoxville,qwen2.5:7b,player2,0.8,40,selfplay_qwen_v2
Q064,L,Things in a library,0,library card,qwen2.5:7b,player2,0.8,40,selfplay_qwen_v2
Q064,L,Things in a library,1,library card,qwen2.5:7b,player2,0.8,40,selfplay_qwen_v2
Q064,L,Things in a library,2,library card,qwen2.5:7b,player2,0.8,40,selfplay_qwen_v2
Q064,L,Things in a library,3,stacked shelves,qwen2.5:7b,player2,0.8,40,selfplay_qwen_v2
Q064,L,Things in a library,4,reference book,qwen2.5:7b,player2,0.8,40,selfplay_qwen_v2
Q064,L,Things in a library,5,reference book,qwen2.5:7b,player2,0.8,40,selfplay_qwen_v2
Q064,L,Things in a library,6,library card,qwen2.5:7b,player2,0.8,40,selfplay_qwen_v2
Q064,L,Things in a library,7,library card,qwen2.5:7b,player2,0.8,40,selfplay_qwen_v2
Q064,L,Things in a library,8,library card,qwen2.5:7b,player2,0.8,40,selfplay_qwen_v2
Q064,L,Things in a library,9,stacked shelves,qwen2.5:7b,player2,0.8,40,selfplay_qwen_v2
Q064,L,Things in a library,10,library card,qwen2.5:7b,player2,0.8,40,selfplay_qwen_v2
Q064,L,Things in a library,11,bookshelf,qwen2.5:7b,player2,0.8,40,selfplay_qwen_v2
Q064,L,Things in a library,12,library card,qwen2.5:7b,player2,0.8,40,selfplay_qwen_v2
Q064,L,Things in a library,13,library card,qwen2.5:7b,player2,0.8,40,selfplay_qwen_v2
Q064,L,Things in a library,14,library card,qwen2.5:7b,player2,0.8,40,selfplay_qwen_v2
Q064,L,Things in a library,15,library card,qwen2.5:7b,player2,0.8,40,selfplay_qwen_v2
Q064,L,Things in a library,16,bookshelf,qwen2.5:7b,player2,0.8,40,selfplay_qwen_v2
Q064,L,Things in a library,17,stack of books,qwen2.5:7b,player2,0.8,40,selfplay_qwen_v2
Q064,L,Things in a library,18,library card,qwen2.5:7b,player2,0.8,40,selfplay_qwen_v2
Q064,L,Things in a library,19,reference book,qwen2.5:7b,player2,0.8,40,selfplay_qwen_v2
